hco_id,organisation_name,country
HCO-000001,Synthetic Organisation 001,ZZ
HCO-000002,Synthetic Organisation 002,ZZ
HCO-000003,Synthetic Organisation 003,ZZ
HCO-000004,Synthetic Organisation 004,ZZ
HCO-000005,Synthetic Organisation 005,ZZ
HCO-000006,Synthetic Organisation 006,ZZ
HCO-000007,Synthetic Organisation 007,ZZ
HCO-000008,Synthetic Organisation 008,ZZ
HCO-000009,Synthetic Organisation 009,ZZ
HCO-000010,Synthetic Organisation 010,ZZ
HCO-000011,Synthetic Organisation 011,ZZ
HCO-000012,Synthetic Organisation 012,ZZ
