hcp_id,display_name,speciality,country,postal_sector,active
HCP-000001,Synthetic Professional 0001,CARDIOLOGY,ZZ,ZZ001,True
HCP-000002,Synthetic Professional 0002,DERMATOLOGY,ZZ,ZZ002,True
HCP-000003,Synthetic Professional 0003,GENERAL,ZZ,ZZ003,True
HCP-000004,Synthetic Professional 0004,CARDIOLOGY,ZZ,ZZ004,True
HCP-000005,Synthetic Professional 0005,DERMATOLOGY,ZZ,ZZ005,True
HCP-000006,Synthetic Professional 0006,GENERAL,ZZ,ZZ006,True
HCP-000007,Synthetic Professional 0007,CARDIOLOGY,ZZ,ZZ007,True
HCP-000008,Synthetic Professional 0008,DERMATOLOGY,ZZ,ZZ008,True
HCP-000009,Synthetic Professional 0009,GENERAL,ZZ,ZZ009,True
HCP-000010,Synthetic Professional 0010,CARDIOLOGY,ZZ,ZZ010,True
HCP-000011,Synthetic Professional 0011,DERMATOLOGY,ZZ,ZZ011,True
HCP-000012,Synthetic Professional 0012,GENERAL,ZZ,ZZ012,True
HCP-000013,Synthetic Professional 0013,CARDIOLOGY,ZZ,ZZ013,True
HCP-000014,Synthetic Professional 0014,DERMATOLOGY,ZZ,ZZ014,True
HCP-000015,Synthetic Professional 0015,GENERAL,ZZ,ZZ015,True
HCP-000016,Synthetic Professional 0016,CARDIOLOGY,ZZ,ZZ016,True
HCP-000017,Synthetic Professional 0017,DERMATOLOGY,ZZ,ZZ017,True
HCP-000018,Synthetic Professional 0018,GENERAL,ZZ,ZZ018,True
HCP-000019,Synthetic Professional 0019,CARDIOLOGY,ZZ,ZZ019,True
HCP-000020,Synthetic Professional 0020,DERMATOLOGY,ZZ,ZZ000,True
HCP-000021,Synthetic Professional 0021,GENERAL,ZZ,ZZ001,True
HCP-000022,Synthetic Professional 0022,CARDIOLOGY,ZZ,ZZ002,True
HCP-000023,Synthetic Professional 0023,DERMATOLOGY,ZZ,ZZ003,True
HCP-000024,Synthetic Professional 0024,GENERAL,ZZ,ZZ004,True
HCP-000025,Synthetic Professional 0025,CARDIOLOGY,ZZ,ZZ005,True
HCP-000026,Synthetic Professional 0026,DERMATOLOGY,ZZ,ZZ006,True
HCP-000027,Synthetic Professional 0027,GENERAL,ZZ,ZZ007,True
HCP-000028,Synthetic Professional 0028,CARDIOLOGY,ZZ,ZZ008,True
HCP-000029,Synthetic Professional 0029,DERMATOLOGY,ZZ,ZZ009,True
HCP-000030,Synthetic Professional 0030,GENERAL,ZZ,ZZ010,True
HCP-000031,Synthetic Professional 0031,CARDIOLOGY,ZZ,ZZ011,True
HCP-000032,Synthetic Professional 0032,DERMATOLOGY,ZZ,ZZ012,True
HCP-000033,Synthetic Professional 0033,GENERAL,ZZ,ZZ013,True
HCP-000034,Synthetic Professional 0034,CARDIOLOGY,ZZ,ZZ014,True
HCP-000035,Synthetic Professional 0035,DERMATOLOGY,ZZ,ZZ015,True
HCP-000036,Synthetic Professional 0036,GENERAL,ZZ,ZZ016,True
HCP-000037,Synthetic Professional 0037,CARDIOLOGY,ZZ,ZZ017,True
HCP-000038,Synthetic Professional 0038,DERMATOLOGY,ZZ,ZZ018,True
HCP-000039,Synthetic Professional 0039,GENERAL,ZZ,ZZ019,True
HCP-000040,Synthetic Professional 0040,CARDIOLOGY,ZZ,ZZ000,True
HCP-000041,Synthetic Professional 0041,DERMATOLOGY,ZZ,ZZ001,True
HCP-000042,Synthetic Professional 0042,GENERAL,ZZ,ZZ002,True
HCP-000043,Synthetic Professional 0043,CARDIOLOGY,ZZ,ZZ003,True
HCP-000044,Synthetic Professional 0044,DERMATOLOGY,ZZ,ZZ004,True
HCP-000045,Synthetic Professional 0045,GENERAL,ZZ,ZZ005,True
HCP-000046,Synthetic Professional 0046,CARDIOLOGY,ZZ,ZZ006,True
HCP-000047,Synthetic Professional 0047,DERMATOLOGY,ZZ,ZZ007,True
HCP-000048,Synthetic Professional 0048,GENERAL,ZZ,ZZ008,True
HCP-000049,Synthetic Professional 0049,CARDIOLOGY,ZZ,ZZ009,True
HCP-000050,Synthetic Professional 0050,DERMATOLOGY,ZZ,ZZ010,True
HCP-000051,Synthetic Professional 0051,GENERAL,ZZ,ZZ011,True
HCP-000052,Synthetic Professional 0052,CARDIOLOGY,ZZ,ZZ012,True
HCP-000053,Synthetic Professional 0053,DERMATOLOGY,ZZ,ZZ013,True
HCP-000054,Synthetic Professional 0054,GENERAL,ZZ,ZZ014,True
HCP-000055,Synthetic Professional 0055,CARDIOLOGY,ZZ,ZZ015,True
HCP-000056,Synthetic Professional 0056,DERMATOLOGY,ZZ,ZZ016,True
HCP-000057,Synthetic Professional 0057,GENERAL,ZZ,ZZ017,True
HCP-000058,Synthetic Professional 0058,CARDIOLOGY,ZZ,ZZ018,True
HCP-000059,Synthetic Professional 0059,DERMATOLOGY,ZZ,ZZ019,True
HCP-000060,Synthetic Professional 0060,GENERAL,ZZ,ZZ000,True
HCP-000061,Synthetic Professional 0061,CARDIOLOGY,ZZ,ZZ001,True
HCP-000062,Synthetic Professional 0062,DERMATOLOGY,ZZ,ZZ002,True
HCP-000063,Synthetic Professional 0063,GENERAL,ZZ,ZZ003,True
HCP-000064,Synthetic Professional 0064,CARDIOLOGY,ZZ,ZZ004,True
HCP-000065,Synthetic Professional 0065,DERMATOLOGY,ZZ,ZZ005,True
HCP-000066,Synthetic Professional 0066,GENERAL,ZZ,ZZ006,True
HCP-000067,Synthetic Professional 0067,CARDIOLOGY,ZZ,ZZ007,True
HCP-000068,Synthetic Professional 0068,DERMATOLOGY,ZZ,ZZ008,True
HCP-000069,Synthetic Professional 0069,GENERAL,ZZ,ZZ009,True
HCP-000070,Synthetic Professional 0070,CARDIOLOGY,ZZ,ZZ010,True
HCP-000071,Synthetic Professional 0071,DERMATOLOGY,ZZ,ZZ011,True
HCP-000072,Synthetic Professional 0072,GENERAL,ZZ,ZZ012,True
HCP-000073,Synthetic Professional 0073,CARDIOLOGY,ZZ,ZZ013,True
HCP-000074,Synthetic Professional 0074,DERMATOLOGY,ZZ,ZZ014,True
HCP-000075,Synthetic Professional 0075,GENERAL,ZZ,ZZ015,True
HCP-000076,Synthetic Professional 0076,CARDIOLOGY,ZZ,ZZ016,True
HCP-000077,Synthetic Professional 0077,DERMATOLOGY,ZZ,ZZ017,True
HCP-000078,Synthetic Professional 0078,GENERAL,ZZ,ZZ018,True
HCP-000079,Synthetic Professional 0079,CARDIOLOGY,ZZ,ZZ019,True
HCP-000080,Synthetic Professional 0080,DERMATOLOGY,ZZ,ZZ000,True
HCP-000081,Synthetic Professional 0081,GENERAL,ZZ,ZZ001,True
HCP-000082,Synthetic Professional 0082,CARDIOLOGY,ZZ,ZZ002,True
HCP-000083,Synthetic Professional 0083,DERMATOLOGY,ZZ,ZZ003,True
HCP-000084,Synthetic Professional 0084,GENERAL,ZZ,ZZ004,True
HCP-000085,Synthetic Professional 0085,CARDIOLOGY,ZZ,ZZ005,True
HCP-000086,Synthetic Professional 0086,DERMATOLOGY,ZZ,ZZ006,True
HCP-000087,Synthetic Professional 0087,GENERAL,ZZ,ZZ007,True
HCP-000088,Synthetic Professional 0088,CARDIOLOGY,ZZ,ZZ008,True
HCP-000089,Synthetic Professional 0089,DERMATOLOGY,ZZ,ZZ009,True
HCP-000090,Synthetic Professional 0090,GENERAL,ZZ,ZZ010,True
HCP-000091,Synthetic Professional 0091,CARDIOLOGY,ZZ,ZZ011,True
HCP-000092,Synthetic Professional 0092,DERMATOLOGY,ZZ,ZZ012,True
HCP-000093,Synthetic Professional 0093,GENERAL,ZZ,ZZ013,True
HCP-000094,Synthetic Professional 0094,CARDIOLOGY,ZZ,ZZ014,True
HCP-000095,Synthetic Professional 0095,DERMATOLOGY,ZZ,ZZ015,True
HCP-000096,Synthetic Professional 0096,GENERAL,ZZ,ZZ016,True
HCP-000097,Synthetic Professional 0097,CARDIOLOGY,ZZ,ZZ017,False
HCP-000098,Synthetic Professional 0098,DERMATOLOGY,ZZ,ZZ018,True
HCP-000099,Synthetic Professional 0099,GENERAL,ZZ,ZZ019,True
HCP-000100,Synthetic Professional 0100,CARDIOLOGY,ZZ,ZZ000,True
