entity_type,canonical_id,source,source_id,link_token
hcp,HCP-000001,iqvia,IQ_fdbb3d15d0fb0f,SYN_22902bd286fa66da
hcp,HCP-000001,veeva,VE_c6b7040fb7a98c,SYN_22902bd286fa66da
hcp,HCP-000001,salesforce,SA_e9999d59d0bbe7,SYN_22902bd286fa66da
hcp,HCP-000002,iqvia,IQ_0ba748be4238c5,SYN_ff35a59fac152735
hcp,HCP-000002,veeva,VE_31a3a0f8a81439,SYN_ff35a59fac152735
hcp,HCP-000002,salesforce,SA_76c6e2244dad8c,SYN_ff35a59fac152735
hcp,HCP-000003,iqvia,IQ_98b3077966380e,SYN_f8c80c73e27c1148
hcp,HCP-000003,veeva,VE_57484a45fffec8,SYN_f8c80c73e27c1148
hcp,HCP-000003,salesforce,SA_ee7219d62c677a,SYN_f8c80c73e27c1148
hcp,HCP-000004,iqvia,IQ_c4d7ac77a3a565,SYN_4d0c5d434a4f6b91
hcp,HCP-000004,veeva,VE_240013df99b8c8,SYN_4d0c5d434a4f6b91
hcp,HCP-000004,salesforce,SA_33b1a2d01e4469,SYN_4d0c5d434a4f6b91
hcp,HCP-000005,iqvia,IQ_33101f0c5b3c7f,SYN_f0e5ad9760f8060c
hcp,HCP-000005,veeva,VE_ae60d094f8549e,SYN_f0e5ad9760f8060c
hcp,HCP-000005,salesforce,SA_1b302ae93348ad,SYN_f0e5ad9760f8060c
hcp,HCP-000006,iqvia,IQ_138c14e03ba3ea,SYN_fbf2337c93a7976e
hcp,HCP-000006,veeva,VE_0b1430679680d7,SYN_fbf2337c93a7976e
hcp,HCP-000006,salesforce,SA_111a6ae58c687d,SYN_fbf2337c93a7976e
hcp,HCP-000007,iqvia,IQ_7e009d7f4fe2aa,SYN_e9e85f2549deb504
hcp,HCP-000007,veeva,VE_7d0ce0b3e5ffbf,SYN_e9e85f2549deb504
hcp,HCP-000007,salesforce,SA_163c89a73b8e1f,SYN_e9e85f2549deb504
hcp,HCP-000008,iqvia,IQ_0c1c46bc19d342,SYN_a9e287eea25ba99c
hcp,HCP-000008,veeva,VE_2f4f56cf6441c8,SYN_a9e287eea25ba99c
hcp,HCP-000008,salesforce,SA_b40fb8ad12ed36,SYN_a9e287eea25ba99c
hcp,HCP-000009,iqvia,IQ_05605b3c9aa55e,SYN_8eb5b2d290d07b09
hcp,HCP-000009,veeva,VE_e672f7d34880c7,SYN_8eb5b2d290d07b09
hcp,HCP-000009,salesforce,SA_478c6b2c395949,SYN_8eb5b2d290d07b09
hcp,HCP-000010,iqvia,IQ_62144644af5434,SYN_b9ec1fa487de27ed
hcp,HCP-000010,veeva,VE_caa1826d9da127,SYN_b9ec1fa487de27ed
hcp,HCP-000010,salesforce,SA_3444dcc4ed66ee,SYN_b9ec1fa487de27ed
hcp,HCP-000011,iqvia,IQ_c17af42164280c,SYN_83645dc6dcfd7de4
hcp,HCP-000011,veeva,VE_17144e8483d330,SYN_83645dc6dcfd7de4
hcp,HCP-000011,salesforce,SA_5f4650047ada1a,SYN_83645dc6dcfd7de4
hcp,HCP-000012,iqvia,IQ_a48ac6570531bf,SYN_784045877e018b70
hcp,HCP-000012,veeva,VE_a56c4575d84ccb,SYN_784045877e018b70
hcp,HCP-000012,salesforce,SA_b9c9dfeb07443b,SYN_784045877e018b70
hcp,HCP-000013,iqvia,IQ_be89a3a9a5c2a1,SYN_dba0c8046401e679
hcp,HCP-000013,veeva,VE_41d0d49d391d42,SYN_dba0c8046401e679
hcp,HCP-000013,salesforce,SA_19032ceeaed724,SYN_dba0c8046401e679
hcp,HCP-000014,iqvia,IQ_068d08db4e01c0,SYN_7e1e1151d92812a4
hcp,HCP-000014,veeva,VE_e208892fd1b42f,SYN_7e1e1151d92812a4
hcp,HCP-000014,salesforce,SA_7a0827010a700a,SYN_7e1e1151d92812a4
hcp,HCP-000015,iqvia,IQ_7201837835a5f2,SYN_f34fd8491fc817da
hcp,HCP-000015,veeva,VE_7fc9722830644c,SYN_f34fd8491fc817da
hcp,HCP-000015,salesforce,SA_972d06495e4a1e,SYN_f34fd8491fc817da
hcp,HCP-000016,iqvia,IQ_90184cbb052110,SYN_a8edc1388b242bb7
hcp,HCP-000016,veeva,VE_c44f7fbdeac984,SYN_a8edc1388b242bb7
hcp,HCP-000016,salesforce,SA_43cc8bde746cc3,SYN_a8edc1388b242bb7
hcp,HCP-000017,iqvia,IQ_84cf83fad0fc3b,SYN_2b4a765abb2f1f9a
hcp,HCP-000017,veeva,VE_75d738699b6ef0,SYN_2b4a765abb2f1f9a
hcp,HCP-000017,salesforce,SA_47b1841960d23a,SYN_2b4a765abb2f1f9a
hcp,HCP-000018,iqvia,IQ_2addb9b1683255,SYN_f8c81171d47fe538
hcp,HCP-000018,veeva,VE_c00926e0b327f9,SYN_f8c81171d47fe538
hcp,HCP-000018,salesforce,SA_151030765bb7d1,SYN_f8c81171d47fe538
hcp,HCP-000019,iqvia,IQ_9645247222684b,SYN_e9e9e07b3fb294b2
hcp,HCP-000019,veeva,VE_81ca31a1e88833,SYN_e9e9e07b3fb294b2
hcp,HCP-000019,salesforce,SA_7f057a26b79b46,SYN_e9e9e07b3fb294b2
hcp,HCP-000020,iqvia,IQ_b77348ba966bc5,SYN_5eece700511df62e
hcp,HCP-000020,veeva,VE_779a079e577f08,SYN_5eece700511df62e
hcp,HCP-000020,salesforce,SA_9952fece5ab43c,SYN_5eece700511df62e
hcp,HCP-000021,iqvia,IQ_59b5871585180e,SYN_eef14699c911d768
hcp,HCP-000021,veeva,VE_db3fe124ab6f17,SYN_eef14699c911d768
hcp,HCP-000021,salesforce,SA_83d1314867b3a8,SYN_eef14699c911d768
hcp,HCP-000022,iqvia,IQ_684faa338cd172,SYN_0037e882fd2d3247
hcp,HCP-000022,veeva,VE_0387ad79b4e4b3,SYN_0037e882fd2d3247
hcp,HCP-000022,salesforce,SA_779fa4586640f1,SYN_0037e882fd2d3247
hcp,HCP-000023,iqvia,IQ_25c94f4d88e49a,SYN_d217833ff5bb341d
hcp,HCP-000023,veeva,VE_23a8f3faa039bf,SYN_d217833ff5bb341d
hcp,HCP-000023,salesforce,SA_84f326964d81a6,SYN_d217833ff5bb341d
hcp,HCP-000024,iqvia,IQ_229d78a6df9a94,SYN_93aa58258c49ef59
hcp,HCP-000024,veeva,VE_f81c850be875e1,SYN_93aa58258c49ef59
hcp,HCP-000024,salesforce,SA_69d2cbadbe91b8,SYN_93aa58258c49ef59
hcp,HCP-000025,iqvia,IQ_52fa506fffb2b4,SYN_76a8b689d12edde2
hcp,HCP-000025,veeva,VE_84640e91065f71,SYN_76a8b689d12edde2
hcp,HCP-000025,salesforce,SA_a498d226e9e65b,SYN_76a8b689d12edde2
hcp,HCP-000026,iqvia,IQ_e14d919e7ea858,SYN_4af15e769d5963db
hcp,HCP-000026,veeva,VE_1279a81fcfdee5,SYN_4af15e769d5963db
hcp,HCP-000026,salesforce,SA_c258fec6e094c4,SYN_4af15e769d5963db
hcp,HCP-000027,iqvia,IQ_51aeb27d07be6b,SYN_53e00a88c48ade28
hcp,HCP-000027,veeva,VE_675ee3e7ae6a11,SYN_53e00a88c48ade28
hcp,HCP-000027,salesforce,SA_8f4f577a672821,SYN_53e00a88c48ade28
hcp,HCP-000028,iqvia,IQ_93d35e630ae6a9,SYN_1b2dacca56264462
hcp,HCP-000028,veeva,VE_f305264f4a05dc,SYN_1b2dacca56264462
hcp,HCP-000028,salesforce,SA_52eadc63325fa5,SYN_1b2dacca56264462
hcp,HCP-000029,iqvia,IQ_7aeaa83a0a1c56,SYN_f3d00445a494878c
hcp,HCP-000029,veeva,VE_9dee3b61be2d62,SYN_f3d00445a494878c
hcp,HCP-000029,salesforce,SA_e01c655f194bb7,SYN_f3d00445a494878c
hcp,HCP-000030,iqvia,IQ_0bbbaaab35ea95,SYN_9289162a5b05877e
hcp,HCP-000030,veeva,VE_81f6b66699db76,SYN_9289162a5b05877e
hcp,HCP-000030,salesforce,SA_a1938091da94bb,SYN_9289162a5b05877e
hcp,HCP-000031,iqvia,IQ_f54562e3c643b5,SYN_7a2cf5658a352575
hcp,HCP-000031,veeva,VE_2a19d43e52f37b,SYN_7a2cf5658a352575
hcp,HCP-000031,salesforce,SA_aa3f50b6a3f7ce,SYN_7a2cf5658a352575
hcp,HCP-000032,iqvia,IQ_be1ad011586236,SYN_e260ba99a54a20ac
hcp,HCP-000032,veeva,VE_97754d018e4907,SYN_e260ba99a54a20ac
hcp,HCP-000032,salesforce,SA_34ac4de7343409,SYN_e260ba99a54a20ac
hcp,HCP-000033,iqvia,IQ_892ff68c2aaeda,SYN_dce6097f5841a7a9
hcp,HCP-000033,veeva,VE_b2afa7698fab12,SYN_dce6097f5841a7a9
hcp,HCP-000033,salesforce,SA_d046771707ed80,SYN_dce6097f5841a7a9
hcp,HCP-000034,iqvia,IQ_9b17ca25ee17c9,SYN_d98a35ced9d5ca2d
hcp,HCP-000034,veeva,VE_fe2ebb14688de2,SYN_d98a35ced9d5ca2d
hcp,HCP-000034,salesforce,SA_bf2c5647116103,SYN_d98a35ced9d5ca2d
hcp,HCP-000035,iqvia,IQ_05884139b2f597,SYN_de9d82cad775eeb1
hcp,HCP-000035,veeva,VE_15bc1b45477893,SYN_de9d82cad775eeb1
hcp,HCP-000035,salesforce,SA_9cb1d3a6a92422,SYN_de9d82cad775eeb1
hcp,HCP-000036,iqvia,IQ_f0ae8bd8f9d2a8,SYN_e8eaf9196fe68636
hcp,HCP-000036,veeva,VE_ad38ba94dcb017,SYN_e8eaf9196fe68636
hcp,HCP-000036,salesforce,SA_9c9ad8ab181ce2,SYN_e8eaf9196fe68636
hcp,HCP-000037,iqvia,IQ_d92c297a26b4ad,SYN_17b0b962b9e22fff
hcp,HCP-000037,veeva,VE_dedb7fcf67b345,SYN_17b0b962b9e22fff
hcp,HCP-000037,salesforce,SA_53b6231b66b606,SYN_17b0b962b9e22fff
hcp,HCP-000038,iqvia,IQ_70849c1fe756b7,SYN_aadf96617146c7d0
hcp,HCP-000038,veeva,VE_4e50d8271682f7,SYN_aadf96617146c7d0
hcp,HCP-000038,salesforce,SA_17ed83153a4cbb,SYN_aadf96617146c7d0
hcp,HCP-000039,iqvia,IQ_715da7641aed2d,SYN_1416e768b31c4d94
hcp,HCP-000039,veeva,VE_74d00caa618852,SYN_1416e768b31c4d94
hcp,HCP-000039,salesforce,SA_10aaee76be65b3,SYN_1416e768b31c4d94
hcp,HCP-000040,iqvia,IQ_c5eb39b18ca20b,SYN_287f1d08a3a9da42
hcp,HCP-000040,veeva,VE_2609792d97c823,SYN_287f1d08a3a9da42
hcp,HCP-000040,salesforce,SA_665d0ea6f39e78,SYN_287f1d08a3a9da42
hcp,HCP-000041,iqvia,IQ_33b40f57a97926,SYN_233c247fe449c58f
hcp,HCP-000041,veeva,VE_4c37d97b8c53e7,SYN_233c247fe449c58f
hcp,HCP-000041,salesforce,SA_a5e2c9be211868,SYN_233c247fe449c58f
hcp,HCP-000042,iqvia,IQ_f83c0c647f07c0,SYN_8960e2aa5216c9c6
hcp,HCP-000042,veeva,VE_d3c9771a994b42,SYN_8960e2aa5216c9c6
hcp,HCP-000042,salesforce,SA_9bcefb2e572e99,SYN_8960e2aa5216c9c6
hcp,HCP-000043,iqvia,IQ_aa92849fd7cd30,SYN_7f04b4f7cfffffe5
hcp,HCP-000043,veeva,VE_e80eca73e25fe7,SYN_7f04b4f7cfffffe5
hcp,HCP-000043,salesforce,SA_5de98e0c9cb608,SYN_7f04b4f7cfffffe5
hcp,HCP-000044,iqvia,IQ_06a6ec1d2ef8be,SYN_2af6d0c451f6e11f
hcp,HCP-000044,veeva,VE_e2b5497492f11c,SYN_2af6d0c451f6e11f
hcp,HCP-000044,salesforce,SA_5d91b170329cd7,SYN_2af6d0c451f6e11f
hcp,HCP-000045,iqvia,IQ_076d9a257d3fec,SYN_b33f6c85ef7c4080
hcp,HCP-000045,veeva,VE_eefc41fb5aab65,SYN_b33f6c85ef7c4080
hcp,HCP-000045,salesforce,SA_c0e5b1cfc936be,SYN_b33f6c85ef7c4080
hcp,HCP-000046,iqvia,IQ_ad1c6f1f62ce12,SYN_1cfcb9e74ace8df1
hcp,HCP-000046,veeva,VE_3f5080f894551b,SYN_1cfcb9e74ace8df1
hcp,HCP-000046,salesforce,SA_9ea8efa9ff085c,SYN_1cfcb9e74ace8df1
hcp,HCP-000047,iqvia,IQ_1b3d6b1cddbd15,SYN_8ada48ad05601f26
hcp,HCP-000047,veeva,VE_d594f985023f04,SYN_8ada48ad05601f26
hcp,HCP-000047,salesforce,SA_1f52de40b45edc,SYN_8ada48ad05601f26
hcp,HCP-000048,iqvia,IQ_c555f3d5651536,SYN_acb2e280bc075f93
hcp,HCP-000048,veeva,VE_f8dd3a8fa63c4a,SYN_acb2e280bc075f93
hcp,HCP-000048,salesforce,SA_da18e9ae487349,SYN_acb2e280bc075f93
hcp,HCP-000049,iqvia,IQ_cce5e0ba716ecf,SYN_59ad38d536f16ec2
hcp,HCP-000049,veeva,VE_88a90aa2c137c1,SYN_59ad38d536f16ec2
hcp,HCP-000049,salesforce,SA_fc75b7e9258795,SYN_59ad38d536f16ec2
hcp,HCP-000050,iqvia,IQ_2f9f098695e506,SYN_412b77a12f814f80
hcp,HCP-000050,veeva,VE_ace6ee6cd02945,SYN_412b77a12f814f80
hcp,HCP-000050,salesforce,SA_ae4540a06f6a0d,SYN_412b77a12f814f80
hcp,HCP-000051,iqvia,IQ_9c874b2d595221,SYN_0528fc397012c23e
hcp,HCP-000051,veeva,VE_995191e9382527,SYN_0528fc397012c23e
hcp,HCP-000051,salesforce,SA_45bcdb916a41dd,SYN_0528fc397012c23e
hcp,HCP-000052,iqvia,IQ_25dc7ff2807b62,SYN_738678924863326a
hcp,HCP-000052,veeva,VE_bf5f61bbfff26e,SYN_738678924863326a
hcp,HCP-000052,salesforce,SA_51fa007246996d,SYN_738678924863326a
hcp,HCP-000053,iqvia,IQ_413c07c026c858,SYN_0e45b92bb2471897
hcp,HCP-000053,veeva,VE_63a9e38e2490cc,SYN_0e45b92bb2471897
hcp,HCP-000053,salesforce,SA_93a35557622442,SYN_0e45b92bb2471897
hcp,HCP-000054,iqvia,IQ_7cd8b403393f76,SYN_e61796f5e0679f17
hcp,HCP-000054,veeva,VE_a97c1b3c676ba5,SYN_e61796f5e0679f17
hcp,HCP-000054,salesforce,SA_e9363d380e20dd,SYN_e61796f5e0679f17
hcp,HCP-000055,iqvia,IQ_0924a6da562c98,SYN_79bf48d7db8d95ca
hcp,HCP-000055,veeva,VE_0c0deaa2cf5a50,SYN_79bf48d7db8d95ca
hcp,HCP-000055,salesforce,SA_92416d05cd0fb6,SYN_79bf48d7db8d95ca
hcp,HCP-000056,iqvia,IQ_f99c4fc261de3c,SYN_ac7933547958891f
hcp,HCP-000056,veeva,VE_9833298f6e2802,SYN_ac7933547958891f
hcp,HCP-000056,salesforce,SA_70b6d5146f58da,SYN_ac7933547958891f
hcp,HCP-000057,iqvia,IQ_21d1ec50b3e069,SYN_57cc24d7138c6162
hcp,HCP-000057,veeva,VE_f48ec414c4edfd,SYN_57cc24d7138c6162
hcp,HCP-000057,salesforce,SA_1aa7ea070cfa26,SYN_57cc24d7138c6162
hcp,HCP-000058,iqvia,IQ_b9f0f246c1b0e5,SYN_af9e6abd3da86c11
hcp,HCP-000058,veeva,VE_d0a5ec14269126,SYN_af9e6abd3da86c11
hcp,HCP-000058,salesforce,SA_9cd1470eea060f,SYN_af9e6abd3da86c11
hcp,HCP-000059,iqvia,IQ_6648ea2780803e,SYN_3854691480555b28
hcp,HCP-000059,veeva,VE_454d13b422b05e,SYN_3854691480555b28
hcp,HCP-000059,salesforce,SA_a3a74ed72134bd,SYN_3854691480555b28
hcp,HCP-000060,iqvia,IQ_54eb2f31fd81c4,SYN_12d5aae56d37e187
hcp,HCP-000060,veeva,VE_ac433e607f743e,SYN_12d5aae56d37e187
hcp,HCP-000060,salesforce,SA_37cfac97451096,SYN_12d5aae56d37e187
hcp,HCP-000061,iqvia,IQ_d29d3ced32b323,SYN_b42e7f9524e3e4bc
hcp,HCP-000061,veeva,VE_b8c8c6c7533b5c,SYN_b42e7f9524e3e4bc
hcp,HCP-000061,salesforce,SA_144175cbdfc8af,SYN_b42e7f9524e3e4bc
hcp,HCP-000062,iqvia,IQ_3dfe85e7cae767,SYN_6f3e36d6ffec1f3f
hcp,HCP-000062,veeva,VE_a407c0672991df,SYN_6f3e36d6ffec1f3f
hcp,HCP-000062,salesforce,SA_995e1e28b39582,SYN_6f3e36d6ffec1f3f
hcp,HCP-000063,iqvia,IQ_7b0a140e80e73a,SYN_e06f7505ca36e2d0
hcp,HCP-000063,veeva,VE_689027e3375bd4,SYN_e06f7505ca36e2d0
hcp,HCP-000063,salesforce,SA_319cb5d9db1558,SYN_e06f7505ca36e2d0
hcp,HCP-000064,iqvia,IQ_0f74fd147c74bd,SYN_ed766ab7118eb5bf
hcp,HCP-000064,veeva,VE_0ae5723ceb0b1e,SYN_ed766ab7118eb5bf
hcp,HCP-000064,salesforce,SA_eb737494117d03,SYN_ed766ab7118eb5bf
hcp,HCP-000065,iqvia,IQ_48d6b84c70a4f2,SYN_d60bcce2d451a1c1
hcp,HCP-000065,veeva,VE_76e29082fd71b0,SYN_d60bcce2d451a1c1
hcp,HCP-000065,salesforce,SA_71223412eae6b8,SYN_d60bcce2d451a1c1
hcp,HCP-000066,iqvia,IQ_6f1507ed9f081a,SYN_52a5bdef90e907aa
hcp,HCP-000066,veeva,VE_8a799019f67762,SYN_52a5bdef90e907aa
hcp,HCP-000066,salesforce,SA_19ac7d572e1b80,SYN_52a5bdef90e907aa
hcp,HCP-000067,iqvia,IQ_2e15f14171efd2,SYN_972627cee63be583
hcp,HCP-000067,veeva,VE_02c937d122e8f8,SYN_972627cee63be583
hcp,HCP-000067,salesforce,SA_cb012f031f3f89,SYN_972627cee63be583
hcp,HCP-000068,iqvia,IQ_f559fad81801dc,SYN_f779434eed2152b2
hcp,HCP-000068,veeva,VE_b5e0f3b2aca8cb,SYN_f779434eed2152b2
hcp,HCP-000068,salesforce,SA_69b7b6a260590c,SYN_f779434eed2152b2
hcp,HCP-000069,iqvia,IQ_587a5d52e1a4df,SYN_3270817fe45db0c0
hcp,HCP-000069,veeva,VE_10769940889d1a,SYN_3270817fe45db0c0
hcp,HCP-000069,salesforce,SA_a30a132566642a,SYN_3270817fe45db0c0
hcp,HCP-000070,iqvia,IQ_27d47adc2955b8,SYN_df6b48c060b89075
hcp,HCP-000070,veeva,VE_c0397d6d23a901,SYN_df6b48c060b89075
hcp,HCP-000070,salesforce,SA_48c8bdd798d796,SYN_df6b48c060b89075
hcp,HCP-000071,iqvia,IQ_d8bc48cc73427b,SYN_f8674aaec106f9a2
hcp,HCP-000071,veeva,VE_77bf632d7cdccc,SYN_f8674aaec106f9a2
hcp,HCP-000071,salesforce,SA_3ccf51761c3160,SYN_f8674aaec106f9a2
hcp,HCP-000072,iqvia,IQ_0a303a7880e935,SYN_f91df19e11729198
hcp,HCP-000072,veeva,VE_8a2df1df2a5c0c,SYN_f91df19e11729198
hcp,HCP-000072,salesforce,SA_b993a1c3cd5c66,SYN_f91df19e11729198
hcp,HCP-000073,iqvia,IQ_08def56e473c8b,SYN_da72b9a730eaa3fe
hcp,HCP-000073,veeva,VE_9eeb973972c3b9,SYN_da72b9a730eaa3fe
hcp,HCP-000073,salesforce,SA_c44bf1b7e3c3ae,SYN_da72b9a730eaa3fe
hcp,HCP-000074,iqvia,IQ_a693ef2a2ce111,SYN_de093a70cc723c4f
hcp,HCP-000074,veeva,VE_34476d8d7d9b69,SYN_de093a70cc723c4f
hcp,HCP-000074,salesforce,SA_8dca3d40b22c53,SYN_de093a70cc723c4f
hcp,HCP-000075,iqvia,IQ_212e5067a55b64,SYN_63797cf8674fac63
hcp,HCP-000075,veeva,VE_e6f5e85ab6eeae,SYN_63797cf8674fac63
hcp,HCP-000075,salesforce,SA_72a23e46f9b595,SYN_63797cf8674fac63
hcp,HCP-000076,iqvia,IQ_ea35b752bd7dac,SYN_cf938f8999eaa7ec
hcp,HCP-000076,veeva,VE_bff53fde028942,SYN_cf938f8999eaa7ec
hcp,HCP-000076,salesforce,SA_93c3b0024ca108,SYN_cf938f8999eaa7ec
hcp,HCP-000077,iqvia,IQ_de9f5d6bf88bc7,SYN_91a52fc21169767f
hcp,HCP-000077,veeva,VE_2c8ef0f12d85e2,SYN_91a52fc21169767f
hcp,HCP-000077,salesforce,SA_8eab0c28cc364a,SYN_91a52fc21169767f
hcp,HCP-000078,iqvia,IQ_8d5a147a182e01,SYN_a1b835f150fcc833
hcp,HCP-000078,veeva,VE_67e934743326d9,SYN_a1b835f150fcc833
hcp,HCP-000078,salesforce,SA_6e810cfae638ef,SYN_a1b835f150fcc833
hcp,HCP-000079,iqvia,IQ_39d652b58996e7,SYN_3b198682385b444c
hcp,HCP-000079,veeva,VE_2b86f2111bc689,SYN_3b198682385b444c
hcp,HCP-000079,salesforce,SA_e8629aee60697b,SYN_3b198682385b444c
hcp,HCP-000080,iqvia,IQ_b742d85b1af394,SYN_0ba53ef69047c2c7
hcp,HCP-000080,veeva,VE_6e0cbb4d70fc87,SYN_0ba53ef69047c2c7
hcp,HCP-000080,salesforce,SA_22f58d1ec27455,SYN_0ba53ef69047c2c7
hcp,HCP-000081,iqvia,IQ_1b727779854ab3,SYN_67cfff20c232b5a3
hcp,HCP-000081,veeva,VE_970d01ee919b4a,SYN_67cfff20c232b5a3
hcp,HCP-000081,salesforce,SA_a1900fc10cae88,SYN_67cfff20c232b5a3
hcp,HCP-000082,iqvia,IQ_01a21f98815364,SYN_b5bc63de90388c83
hcp,HCP-000082,veeva,VE_4592643dbd8d8e,SYN_b5bc63de90388c83
hcp,HCP-000082,salesforce,SA_075cd0d97b25ee,SYN_b5bc63de90388c83
hcp,HCP-000083,iqvia,IQ_87b762d0f01c95,SYN_19750d33def3acf7
hcp,HCP-000083,veeva,VE_ffe22c53cf3088,SYN_19750d33def3acf7
hcp,HCP-000083,salesforce,SA_3193ee7f51b935,SYN_19750d33def3acf7
hcp,HCP-000084,iqvia,IQ_db5e4b31c72a78,SYN_f8bae0e1548bde89
hcp,HCP-000084,veeva,VE_e3d3c193ba4590,SYN_f8bae0e1548bde89
hcp,HCP-000084,salesforce,SA_08d9ab569b63e6,SYN_f8bae0e1548bde89
hcp,HCP-000085,iqvia,IQ_2ed3fcb44618c9,SYN_ec3fa874589674a8
hcp,HCP-000085,veeva,VE_0924c044ee48f9,SYN_ec3fa874589674a8
hcp,HCP-000085,salesforce,SA_8e29f08577408b,SYN_ec3fa874589674a8
hcp,HCP-000086,iqvia,IQ_73f40fd1707597,SYN_d14c95e1a3cf341a
hcp,HCP-000086,veeva,VE_7a7487b8529dca,SYN_d14c95e1a3cf341a
hcp,HCP-000086,salesforce,SA_63c4494b784171,SYN_d14c95e1a3cf341a
hcp,HCP-000087,iqvia,IQ_92918c3b2f4fdb,SYN_0e7b89a4c9d579a3
hcp,HCP-000087,veeva,VE_d5e260cf81584a,SYN_0e7b89a4c9d579a3
hcp,HCP-000087,salesforce,SA_18063b961c6449,SYN_0e7b89a4c9d579a3
hcp,HCP-000088,iqvia,IQ_2472ae6f311b48,SYN_47e387ddf22b1cab
hcp,HCP-000088,veeva,VE_c9918d84011f86,SYN_47e387ddf22b1cab
hcp,HCP-000088,salesforce,SA_27ac53091c486e,SYN_47e387ddf22b1cab
hcp,HCP-000089,iqvia,IQ_fa30d3fbfe0eaa,SYN_3e53806771d99663
hcp,HCP-000089,veeva,VE_851d9c34d1361a,SYN_3e53806771d99663
hcp,HCP-000089,salesforce,SA_107039e361d671,SYN_3e53806771d99663
hcp,HCP-000090,iqvia,IQ_72437542771259,SYN_abb87d738c8ce831
hcp,HCP-000090,veeva,VE_a8eebaa1e5294e,SYN_abb87d738c8ce831
hcp,HCP-000090,salesforce,SA_0e3c9995e35c1b,SYN_abb87d738c8ce831
hcp,HCP-000091,iqvia,IQ_9618214b0f52fe,SYN_afbc81f5989b1a5e
hcp,HCP-000091,veeva,VE_67250719bd220e,SYN_afbc81f5989b1a5e
hcp,HCP-000091,salesforce,SA_3ad0bf3ee746f8,SYN_afbc81f5989b1a5e
hcp,HCP-000092,iqvia,IQ_da1889c369f3aa,SYN_76a26cd31f2fff2b
hcp,HCP-000092,veeva,VE_be35fc6f8a0e03,SYN_76a26cd31f2fff2b
hcp,HCP-000092,salesforce,SA_c579aa41bc19ff,SYN_76a26cd31f2fff2b
hcp,HCP-000093,iqvia,IQ_8574a122b9ffcf,SYN_5405d2fb78e5dc45
hcp,HCP-000093,veeva,VE_eb656f72f03988,SYN_5405d2fb78e5dc45
hcp,HCP-000093,salesforce,SA_18eb501b8e7abd,SYN_5405d2fb78e5dc45
hcp,HCP-000094,iqvia,IQ_9793f962088daa,SYN_94deaa68d465a502
hcp,HCP-000094,veeva,VE_378b8b1da76d13,SYN_94deaa68d465a502
hcp,HCP-000094,salesforce,SA_4c8de81c510b2e,SYN_94deaa68d465a502
hcp,HCP-000095,iqvia,IQ_af36945ece0ade,SYN_bfda51fa22185d37
hcp,HCP-000095,veeva,VE_f000d3b024cc01,SYN_bfda51fa22185d37
hcp,HCP-000095,salesforce,SA_086925cbcd971d,SYN_bfda51fa22185d37
hcp,HCP-000096,iqvia,IQ_0761c9286a2f08,SYN_6eee0e33da9e15dc
hcp,HCP-000096,veeva,VE_ad0950197ad21e,SYN_6eee0e33da9e15dc
hcp,HCP-000096,salesforce,SA_7cabf889d574c4,SYN_6eee0e33da9e15dc
hcp,HCP-000097,iqvia,IQ_319a00f1c5d469,SYN_2f443af38eaf7e95
hcp,HCP-000097,veeva,VE_c178b85a281f0d,SYN_2f443af38eaf7e95
hcp,HCP-000097,salesforce,SA_a812f49b9e7d8e,SYN_2f443af38eaf7e95
hcp,HCP-000098,iqvia,IQ_2674a44d322f11,SYN_c41f723db02da763
hcp,HCP-000098,veeva,VE_96cd96ded97c3d,SYN_c41f723db02da763
hcp,HCP-000098,salesforce,SA_c05ddab9645ada,SYN_c41f723db02da763
hcp,HCP-000099,iqvia,IQ_2d3b19f7ba0a85,SYN_46a5f884e5fb6e14
hcp,HCP-000099,veeva,VE_2f01a982ed13a9,SYN_46a5f884e5fb6e14
hcp,HCP-000099,salesforce,SA_ef3545e8d38aca,SYN_46a5f884e5fb6e14
hcp,HCP-000100,iqvia,IQ_b261065f5903a5,SYN_e38e33c542713d40
hcp,HCP-000100,veeva,VE_80b775a4657990,SYN_e38e33c542713d40
hcp,HCP-000100,salesforce,SA_73b20b79b78f6d,SYN_e38e33c542713d40
hco,HCO-000001,iqvia,IQ_051dd3a3caebd7,SYN_063b6e0ceb0df57d
hco,HCO-000002,iqvia,IQ_47323edd520e2f,SYN_f1b66e0f2a2564b5
hco,HCO-000003,iqvia,IQ_f1a4187264f338,SYN_386319a640fff69c
hco,HCO-000004,iqvia,IQ_a8dd57859a32d5,SYN_dc59ba714e34bf1c
hco,HCO-000005,iqvia,IQ_27ed195924b1ac,SYN_47e5ec4e872ae4eb
hco,HCO-000006,iqvia,IQ_8d78ae5022ef62,SYN_704d124e9414ac11
hco,HCO-000007,iqvia,IQ_67c47f4c4dba5f,SYN_ef9205e6320dab72
hco,HCO-000008,iqvia,IQ_254a182aab103f,SYN_68af9398f5188dcb
hco,HCO-000009,iqvia,IQ_ffbd03f2b2da03,SYN_6ef275ae683ff51d
hco,HCO-000010,iqvia,IQ_a0371ddf32ab1f,SYN_d7b7fa40aff60155
hco,HCO-000011,iqvia,IQ_d24f39deecd139,SYN_43f6bfe4a065aee7
hco,HCO-000012,iqvia,IQ_975dacb14b0a3e,SYN_703f3c13bed54e04
product,PRODUCT-000001,iqvia,IQ_cba8d4f6c70cb8,SYN_826509890fc98953
product,PRODUCT-000002,iqvia,IQ_d19e228b25b7ab,SYN_cf75270f173e1f71
product,PRODUCT-000003,iqvia,IQ_48c377d7d5a68d,SYN_203ceb98726bee62
product,PRODUCT-000004,iqvia,IQ_3724bf97128d1c,SYN_ee9025dd66b68181
territory,TERRITORY-000001,veeva,VE_106615cdd9ff03,SYN_c40bcc85b4516df2
territory,TERRITORY-000002,veeva,VE_4fba8ad2115c09,SYN_c0322c4b693186d6
territory,TERRITORY-000003,veeva,VE_67198edffeb7a6,SYN_94e839725f4db95d
territory,TERRITORY-000004,veeva,VE_b2208522e148c6,SYN_4f60930fc672ba4b
representative,REPRESENTATIVE-000001,veeva,VE_9536e22e15985d,SYN_749b5981cbfa309d
representative,REPRESENTATIVE-000002,veeva,VE_e6d711c75900f0,SYN_64f95f05f7aec683
representative,REPRESENTATIVE-000003,veeva,VE_749bb20b7ca7e8,SYN_c1aeba62368bf8bf
representative,REPRESENTATIVE-000004,veeva,VE_c6a73560e428a5,SYN_469af3c801722f50
representative,REPRESENTATIVE-000005,veeva,VE_8bbebc7a785e74,SYN_77d81aea192fa887
representative,REPRESENTATIVE-000006,veeva,VE_74b338073bb757,SYN_d981c5be5ee1040d
representative,REPRESENTATIVE-000007,veeva,VE_65ad6c9e8cc23f,SYN_33f30c51dd875773
representative,REPRESENTATIVE-000008,veeva,VE_0fef7ac35be153,SYN_0fe9fab0673102c0
interaction,INTERACTION-000001,veeva,VE_8a40eb4384d07d,SYN_efb3350c160bea4c
interaction,INTERACTION-000002,veeva,VE_3d2ac4e3788074,SYN_112073bbb1a66596
interaction,INTERACTION-000003,veeva,VE_40190d0b455a2c,SYN_14d812f0a2194938
interaction,INTERACTION-000004,veeva,VE_651a79fcb29601,SYN_3104c980c9f301cb
interaction,INTERACTION-000005,veeva,VE_22b27035b848a8,SYN_4789479fcf6997b9
interaction,INTERACTION-000006,veeva,VE_8333e280068dc8,SYN_c7c4a6996945b531
interaction,INTERACTION-000007,veeva,VE_5cf7a416594cf7,SYN_d644810fcb203b82
interaction,INTERACTION-000008,veeva,VE_8674d1c944145b,SYN_e7608a509cbbb255
interaction,INTERACTION-000009,veeva,VE_f8e4caf96fbe96,SYN_019d47fa5f8fce0b
interaction,INTERACTION-000010,veeva,VE_51ebdf0e1d4197,SYN_f5705f5290bf523c
interaction,INTERACTION-000011,veeva,VE_6f3b28369ca039,SYN_0d7cc51adf1fc2ba
interaction,INTERACTION-000012,veeva,VE_f7c99be0b95a62,SYN_f5dd39d25d13b53d
interaction,INTERACTION-000013,veeva,VE_687d712517430a,SYN_72490788ec376781
interaction,INTERACTION-000014,veeva,VE_c0d4debab11d94,SYN_c4b47864ae00bb32
interaction,INTERACTION-000015,veeva,VE_d76753bcca1c6d,SYN_4f46433e48b0d2c6
interaction,INTERACTION-000016,veeva,VE_5c740d97941c56,SYN_198525980168e26b
interaction,INTERACTION-000017,veeva,VE_a0c3e79dccd24d,SYN_7a5d75db1b8365fb
interaction,INTERACTION-000018,veeva,VE_4dc1bfcf9a8e23,SYN_8cccc836be2af9f1
interaction,INTERACTION-000019,veeva,VE_be69b0b9fcc9cc,SYN_190f0fd5c86c6410
interaction,INTERACTION-000020,veeva,VE_3e6e185d9666fa,SYN_fee7ec50a46f33d2
interaction,INTERACTION-000021,veeva,VE_153f830bc39476,SYN_66f3a2be32741966
interaction,INTERACTION-000022,veeva,VE_a4736028790d0c,SYN_f134a23cffa2b31d
interaction,INTERACTION-000023,veeva,VE_105318c9e0add8,SYN_17cc529acd89104d
interaction,INTERACTION-000024,veeva,VE_f625a1c944697d,SYN_95491fdf3ad1b96f
interaction,INTERACTION-000025,veeva,VE_6698e9ca0552db,SYN_6745684ad7d82833
interaction,INTERACTION-000026,veeva,VE_1cf9248be752a1,SYN_9bfe68c7b7c958f5
interaction,INTERACTION-000027,veeva,VE_790646921937d5,SYN_39898c53b49c9bfd
interaction,INTERACTION-000028,veeva,VE_859e17b9f15ba8,SYN_083538d45451707f
interaction,INTERACTION-000029,veeva,VE_b783f945356fa5,SYN_f79b7c7ba0a14bce
interaction,INTERACTION-000030,veeva,VE_d1a48d69d0833b,SYN_b36a69e1611cd87f
interaction,INTERACTION-000031,veeva,VE_854ba74b377873,SYN_4fde7cb09e899ae3
interaction,INTERACTION-000032,veeva,VE_b8c45300640936,SYN_b86694bbfd4c0047
interaction,INTERACTION-000033,veeva,VE_15522335e41965,SYN_edb061f7b51c9238
interaction,INTERACTION-000034,veeva,VE_1c4e755ae3a25a,SYN_7f57462f821215ca
interaction,INTERACTION-000035,veeva,VE_1b1f346388b9f4,SYN_5ecc1164ecd1aa58
interaction,INTERACTION-000036,veeva,VE_e0a478708d1f27,SYN_02e475c1b1895218
interaction,INTERACTION-000037,veeva,VE_f7f87c3d7ed447,SYN_2376887ca79e56f8
interaction,INTERACTION-000038,veeva,VE_02c1427e68edd3,SYN_7e956c9fca4e95a7
interaction,INTERACTION-000039,veeva,VE_0a1f98d2593e8e,SYN_28f6347ee136f1f1
interaction,INTERACTION-000040,veeva,VE_cea2fbeca3b3fe,SYN_f5be2bd270276921
interaction,INTERACTION-000041,veeva,VE_71dd35dbfe59ef,SYN_14d3311451b8531f
interaction,INTERACTION-000042,veeva,VE_9abc34684d457a,SYN_85b6587f375be6b6
interaction,INTERACTION-000043,veeva,VE_f19cb7dc11f983,SYN_3357455492313fd4
interaction,INTERACTION-000044,veeva,VE_3342637e9a3b6a,SYN_407875d506a1bcbc
interaction,INTERACTION-000045,veeva,VE_2c9e23bd7615a9,SYN_9569e87273e31786
interaction,INTERACTION-000046,veeva,VE_2578f08c33db1e,SYN_ac5fbb834674650e
interaction,INTERACTION-000047,veeva,VE_4290f3742277b8,SYN_e721f275605d9cf1
interaction,INTERACTION-000048,veeva,VE_e1b3c45b92d8be,SYN_c773a1fceb32672b
interaction,INTERACTION-000049,veeva,VE_f611640e3cedac,SYN_4129c8308d4980e3
interaction,INTERACTION-000050,veeva,VE_d5cf868ebed0e4,SYN_c69be9bef87fb953
interaction,INTERACTION-000051,veeva,VE_02d49b7803e1e1,SYN_22b02f9086312b0f
interaction,INTERACTION-000052,veeva,VE_34469e3d293212,SYN_cd59a0e158399e7c
interaction,INTERACTION-000053,veeva,VE_3934164344df4b,SYN_b75b4dd26d463b3a
interaction,INTERACTION-000054,veeva,VE_38c70e310163a3,SYN_cb9acc20c43cc50f
interaction,INTERACTION-000055,veeva,VE_13ad839962eb23,SYN_c8b602110b064e4b
interaction,INTERACTION-000056,veeva,VE_ae6b919968e5fa,SYN_ffe584d7a1247512
interaction,INTERACTION-000057,veeva,VE_8de22cede4b52d,SYN_554989ff8de2ed06
interaction,INTERACTION-000058,veeva,VE_399a9c65f8d989,SYN_a614bd6d569fdab7
interaction,INTERACTION-000059,veeva,VE_94a11c6c1575e1,SYN_e4c3e3a329fe879e
interaction,INTERACTION-000060,veeva,VE_3852f0c965d688,SYN_f08df8935cc58bd2
interaction,INTERACTION-000061,veeva,VE_d64eb9e6e4c035,SYN_af8e20d15e850519
interaction,INTERACTION-000062,veeva,VE_3eb6f3272fa581,SYN_63a45ad6a3f63955
interaction,INTERACTION-000063,veeva,VE_6e04f0e62695e6,SYN_2c54330106bb63a4
interaction,INTERACTION-000064,veeva,VE_484041f3daa22e,SYN_ee142a07f53811f1
interaction,INTERACTION-000065,veeva,VE_98a0ce3eaf2753,SYN_b38effa9a6b49322
interaction,INTERACTION-000066,veeva,VE_ca808ffc199f28,SYN_2bbf5314a2ba6357
interaction,INTERACTION-000067,veeva,VE_9e2a687d484ff3,SYN_9fa6a4e0fa3efba6
interaction,INTERACTION-000068,veeva,VE_d7f11af89369f5,SYN_14fbdc51177d853c
interaction,INTERACTION-000069,veeva,VE_8f8094dd0bb90e,SYN_cf915db77e55d241
interaction,INTERACTION-000070,veeva,VE_49428c7080efc0,SYN_33c9ce5d14614e79
interaction,INTERACTION-000071,veeva,VE_95d9ef6cfd488c,SYN_3df0d72fe059c02f
interaction,INTERACTION-000072,veeva,VE_86067e2df8e379,SYN_1546c00916b66a59
interaction,INTERACTION-000073,veeva,VE_8b6fac4d6a0c47,SYN_c8e8c35c719521de
interaction,INTERACTION-000074,veeva,VE_1b37f3abcbc6ed,SYN_4e0658baed9712ba
interaction,INTERACTION-000075,veeva,VE_527aff79f527f8,SYN_bbc77e1faa9799ac
interaction,INTERACTION-000076,veeva,VE_3b20bf9596f759,SYN_1d490a8edefb2211
interaction,INTERACTION-000077,veeva,VE_b10fad2abd1bb9,SYN_3a79ff5ac79f9d0d
interaction,INTERACTION-000078,veeva,VE_cdb5ff687703bc,SYN_9c0014be3885c8de
interaction,INTERACTION-000079,veeva,VE_a8201c132ff47a,SYN_a695bf46834d05f5
interaction,INTERACTION-000080,veeva,VE_5a949e13e863f2,SYN_f642151e854e3a64
interaction,INTERACTION-000081,veeva,VE_2076bebb4be080,SYN_5d04eadf752e5178
interaction,INTERACTION-000082,veeva,VE_5e3c121ed0ba53,SYN_c2ba3dae1dd19b95
interaction,INTERACTION-000083,veeva,VE_b7dda451656b47,SYN_059df864956ed4a7
interaction,INTERACTION-000084,veeva,VE_c033b18fa89d76,SYN_56ee5368c7ec71e4
interaction,INTERACTION-000085,veeva,VE_f4fe312e1078a9,SYN_0a8438b16c80f1fc
interaction,INTERACTION-000086,veeva,VE_2d2065d7aa480f,SYN_611b4e3d6d661580
interaction,INTERACTION-000087,veeva,VE_5d30c122edc13a,SYN_12daa73344730ba7
interaction,INTERACTION-000088,veeva,VE_7319b12b49ff42,SYN_bd92f994bf15025a
interaction,INTERACTION-000089,veeva,VE_4300724eae087c,SYN_6ce7bab06680d0d7
interaction,INTERACTION-000090,veeva,VE_3a8cdf1e3f74f7,SYN_1830cafb4970279d
interaction,INTERACTION-000091,veeva,VE_cf353ae67270d5,SYN_751a01986a31f9b3
interaction,INTERACTION-000092,veeva,VE_91d0b26684ed06,SYN_5e442a5a884b76ad
interaction,INTERACTION-000093,veeva,VE_10fc78f514f11d,SYN_c88315101ca3f22e
interaction,INTERACTION-000094,veeva,VE_32a83d66833151,SYN_41d30e95811e8cb6
interaction,INTERACTION-000095,veeva,VE_9504e6be822936,SYN_c5ac36486ce7d7a2
interaction,INTERACTION-000096,veeva,VE_4b7113a3fac518,SYN_c821f96249772e80
interaction,INTERACTION-000097,veeva,VE_151f19cb0fb5aa,SYN_aa255de8a21b6b0b
interaction,INTERACTION-000098,veeva,VE_fa975405608c49,SYN_96230263cb3d5171
interaction,INTERACTION-000099,veeva,VE_d4ba1a046ad7e0,SYN_c80de883072431d3
interaction,INTERACTION-000100,veeva,VE_8bb0839e02d3fb,SYN_537c449ffb36ca30
interaction,INTERACTION-000101,veeva,VE_d9e9685b584a34,SYN_644018520e30906d
interaction,INTERACTION-000102,veeva,VE_bfe9d52333ab58,SYN_3271f817cc08f7dc
interaction,INTERACTION-000103,veeva,VE_d814a437362047,SYN_a91d466703093073
interaction,INTERACTION-000104,veeva,VE_eb3a4d465487ac,SYN_5dbd075f94c111f2
interaction,INTERACTION-000105,veeva,VE_e92e5133cfb6c4,SYN_d71218b4adf97955
interaction,INTERACTION-000106,veeva,VE_f02f56cd73c909,SYN_5d92965239fca458
interaction,INTERACTION-000107,veeva,VE_861c833610cec4,SYN_e9e9c7f7da2afea0
interaction,INTERACTION-000108,veeva,VE_00653c757dde62,SYN_ebbb0001da2ef3dc
interaction,INTERACTION-000109,veeva,VE_49be3e85715ccc,SYN_56d5962ff299ee58
interaction,INTERACTION-000110,veeva,VE_a3784f7a3fb894,SYN_b870d0bae7bb81d3
interaction,INTERACTION-000111,veeva,VE_e6370c5bed245c,SYN_e4cb6b3fa31e4c04
interaction,INTERACTION-000112,veeva,VE_8077c2b382103b,SYN_d1fc32115a3ec63d
interaction,INTERACTION-000113,veeva,VE_dcd6f20afdad54,SYN_eca889f560f23fe8
interaction,INTERACTION-000114,veeva,VE_2561a752704213,SYN_791336d93371e1d2
interaction,INTERACTION-000115,veeva,VE_aa5fb79055863d,SYN_fda1a28a222b0206
interaction,INTERACTION-000116,veeva,VE_f54e2546056b86,SYN_e256fe744e89582f
interaction,INTERACTION-000117,veeva,VE_28bb761c113899,SYN_d4378d52fedae86e
interaction,INTERACTION-000118,veeva,VE_3a2c551aab20a8,SYN_7d7fece7158a665d
interaction,INTERACTION-000119,veeva,VE_1e17f305f6768f,SYN_068c144f22f7c8a5
interaction,INTERACTION-000120,veeva,VE_d7b7259c4f6284,SYN_8a3219db1af772a9
interaction,INTERACTION-000121,veeva,VE_b9219866a4c27c,SYN_bf06766da3040907
interaction,INTERACTION-000122,veeva,VE_4fcd5bac3a770b,SYN_89bf0f4a1e3bca1b
interaction,INTERACTION-000123,veeva,VE_e39336867d35e5,SYN_bd2f05d9d6c5b410
interaction,INTERACTION-000124,veeva,VE_5bc86e59679c6f,SYN_4c3ef778e44aa38d
interaction,INTERACTION-000125,veeva,VE_7a207cd634892f,SYN_6d728d81b55907e8
interaction,INTERACTION-000126,veeva,VE_e738598a903f0f,SYN_7b37383250f84592
interaction,INTERACTION-000127,veeva,VE_7f2bcde72d8604,SYN_46f8607b03adc821
interaction,INTERACTION-000128,veeva,VE_64a62134977130,SYN_0e1bfeec90bfe589
interaction,INTERACTION-000129,veeva,VE_792e1e7befc978,SYN_2f965e022005fb2c
interaction,INTERACTION-000130,veeva,VE_b9f98fc891aa27,SYN_0eb7b354392fbc67
interaction,INTERACTION-000131,veeva,VE_15152ac247e142,SYN_788566da2dbe288c
interaction,INTERACTION-000132,veeva,VE_dc03c6bfc87c5f,SYN_49e1e1a3883a62a8
interaction,INTERACTION-000133,veeva,VE_ddc572eb038343,SYN_1937959627fdd21b
interaction,INTERACTION-000134,veeva,VE_421f020ddc438c,SYN_27bbbab929df69f4
interaction,INTERACTION-000135,veeva,VE_b137f70fdbd621,SYN_8f53f330eff3ea95
interaction,INTERACTION-000136,veeva,VE_124e7688dac2d6,SYN_20bd2fca29aef31c
interaction,INTERACTION-000137,veeva,VE_d5ddc5876e4d86,SYN_7e79a60509a9202e
interaction,INTERACTION-000138,veeva,VE_fcbd90295650b7,SYN_9223712c4963e891
interaction,INTERACTION-000139,veeva,VE_7fa2da4ac05c05,SYN_f6c1fce584b9a877
interaction,INTERACTION-000140,veeva,VE_660db11765d649,SYN_6128a5945b0b2a7d
interaction,INTERACTION-000141,veeva,VE_ebf3bcbe56234a,SYN_6eb81d10a70e02ea
interaction,INTERACTION-000142,veeva,VE_2e35de41bca055,SYN_00b27551a9469675
interaction,INTERACTION-000143,veeva,VE_ee531b8f2e61b3,SYN_a7923e14d66d0a2e
interaction,INTERACTION-000144,veeva,VE_e59e20701918f6,SYN_2a50932c3a846a72
interaction,INTERACTION-000145,veeva,VE_087e20db7052b4,SYN_bd2d1beb87cb432a
interaction,INTERACTION-000146,veeva,VE_ab376a2e5f5737,SYN_f404e0025efdb27a
interaction,INTERACTION-000147,veeva,VE_035026a4784f4c,SYN_6bde95b607fcb372
interaction,INTERACTION-000148,veeva,VE_884cdf2a477075,SYN_15b377cb0634266a
interaction,INTERACTION-000149,veeva,VE_5e9988972ada3e,SYN_3db9504e645d0598
interaction,INTERACTION-000150,veeva,VE_b08c3cc8c3d9da,SYN_cb9f42990f95de5b
interaction,INTERACTION-000151,veeva,VE_084663eac12199,SYN_eae1177fcbc0fdd3
interaction,INTERACTION-000152,veeva,VE_b0a40f77b13951,SYN_b506d11cfad10fc2
interaction,INTERACTION-000153,veeva,VE_5e35d81c302e63,SYN_c6a9a5ee7f538ccd
interaction,INTERACTION-000154,veeva,VE_f6ada8cb1c1d94,SYN_29036a6c92f78505
interaction,INTERACTION-000155,veeva,VE_1fe73d6270afda,SYN_38f91f9ca3c54863
interaction,INTERACTION-000156,veeva,VE_4560d24c498509,SYN_5f5abf441efe70bb
interaction,INTERACTION-000157,veeva,VE_3c6709d5070880,SYN_3e9f2389616d42a5
interaction,INTERACTION-000158,veeva,VE_6265f0fcf34896,SYN_c8e2eb78ab3ed3ea
interaction,INTERACTION-000159,veeva,VE_b2e6533058bd48,SYN_ffa1f1f80b53e12f
interaction,INTERACTION-000160,veeva,VE_443901345ce037,SYN_09546f48227c9ada
interaction,INTERACTION-000161,veeva,VE_458139e98580da,SYN_8beee4cbc706bcd2
interaction,INTERACTION-000162,veeva,VE_914a00c8cd2c75,SYN_8be1fca4d42d4fe9
interaction,INTERACTION-000163,veeva,VE_85d8ec29b00f06,SYN_0f74f1de22196b9f
interaction,INTERACTION-000164,veeva,VE_86ce41e6935881,SYN_d08d41ff73b47af3
interaction,INTERACTION-000165,veeva,VE_ae811bb9094cb6,SYN_2f35439114efb214
interaction,INTERACTION-000166,veeva,VE_9522170d8e03aa,SYN_1d4264a6e49393e6
interaction,INTERACTION-000167,veeva,VE_407dee4c664ba9,SYN_2f444c23b72dadcf
interaction,INTERACTION-000168,veeva,VE_5be22fe9783b74,SYN_5aa0cf800a803540
interaction,INTERACTION-000169,veeva,VE_01149db2c601b9,SYN_ddcd2d3bc9c6c9b3
interaction,INTERACTION-000170,veeva,VE_8c505caf343cc0,SYN_51317c58950cc2f3
interaction,INTERACTION-000171,veeva,VE_8997061c13f1e2,SYN_b1467c5e45ddb7c6
interaction,INTERACTION-000172,veeva,VE_d323fb722e80d2,SYN_8fcf230abc3fb9ae
interaction,INTERACTION-000173,veeva,VE_726648010f9238,SYN_750b9d27fa888e19
interaction,INTERACTION-000174,veeva,VE_e53f7561610039,SYN_d5ebc290b055b219
interaction,INTERACTION-000175,veeva,VE_ee82b786c6625b,SYN_18dfc44f3f4373c0
interaction,INTERACTION-000176,veeva,VE_084c5e5b70b307,SYN_271b613533eefb1e
interaction,INTERACTION-000177,veeva,VE_a1aea01cb3b798,SYN_b51cf499ab87ef8f
interaction,INTERACTION-000178,veeva,VE_98969f70f4bd8d,SYN_44b6f6ed56a088a3
interaction,INTERACTION-000179,veeva,VE_4cf04a4b04ed43,SYN_60e2897a9c6b0be4
interaction,INTERACTION-000180,veeva,VE_1ad38865439a3c,SYN_c00e8254e264e195
interaction,INTERACTION-000181,veeva,VE_9242195d13d913,SYN_a961da1a0a85b72d
interaction,INTERACTION-000182,veeva,VE_4a29ed37e97dd5,SYN_98a70ad5bfe55a6f
interaction,INTERACTION-000183,veeva,VE_cb40bb02a55fa1,SYN_d901eefcd23b1309
interaction,INTERACTION-000184,veeva,VE_f1cdb1d48c28f8,SYN_5bf28c32c446c748
interaction,INTERACTION-000185,veeva,VE_bbc9375947187c,SYN_55e39843f256ea4d
interaction,INTERACTION-000186,veeva,VE_f5c08279bab495,SYN_997839b331710066
interaction,INTERACTION-000187,veeva,VE_567be1b4d59ac0,SYN_434321859f815190
interaction,INTERACTION-000188,veeva,VE_200b904b5fd0eb,SYN_c42334130a778596
interaction,INTERACTION-000189,veeva,VE_9517ea484f7412,SYN_bf34ac8583b88149
interaction,INTERACTION-000190,veeva,VE_a288347a677007,SYN_b19b3a6b11a0246a
interaction,INTERACTION-000191,veeva,VE_148b10942a5e01,SYN_91630ec5caee5f79
interaction,INTERACTION-000192,veeva,VE_e9f5085c8aebf4,SYN_fd875abadcc0d09a
interaction,INTERACTION-000193,veeva,VE_adac6704ad4fd1,SYN_c2ecdaacd810bd0f
interaction,INTERACTION-000194,veeva,VE_f24f7f33893541,SYN_1dc37a69aa69dac1
interaction,INTERACTION-000195,veeva,VE_64b82ec8a6b859,SYN_5f0966aef8b1b4a0
interaction,INTERACTION-000196,veeva,VE_ffb28a6e678e9b,SYN_a2de8384dc5771ac
interaction,INTERACTION-000197,veeva,VE_2f845c92825753,SYN_cc263f377aa3428f
interaction,INTERACTION-000198,veeva,VE_38fd989f9381bd,SYN_107a919f6a6492fb
interaction,INTERACTION-000199,veeva,VE_ebcbaae9aea6f1,SYN_26444b53a85469fc
interaction,INTERACTION-000200,veeva,VE_5938b31b4738cc,SYN_a1e38b1f28373c42
interaction,INTERACTION-000201,veeva,VE_6cda6c5688dc7b,SYN_5360d630a19a8da8
interaction,INTERACTION-000202,veeva,VE_0514b9b0767a62,SYN_563fd32a66ac11d9
interaction,INTERACTION-000203,veeva,VE_3246a939bfbf46,SYN_0ff6ecdfd82cd6f3
interaction,INTERACTION-000204,veeva,VE_ac5732cbf4b2fc,SYN_9bab844127aaa4dd
interaction,INTERACTION-000205,veeva,VE_1cb21387896cc3,SYN_b84d552f5ac71db4
interaction,INTERACTION-000206,veeva,VE_99ab05a695833c,SYN_22f014f75512be34
interaction,INTERACTION-000207,veeva,VE_6ba6e195994303,SYN_ad5a79b481aa2475
interaction,INTERACTION-000208,veeva,VE_497b49aba1c76b,SYN_b6665d5e1a3303d6
interaction,INTERACTION-000209,veeva,VE_36928fd951ce55,SYN_e7f088c5615063f2
interaction,INTERACTION-000210,veeva,VE_0a1f915d8d800e,SYN_9ceba9b63bafe338
interaction,INTERACTION-000211,veeva,VE_9eee8eb7332d64,SYN_bed55f7e0a30571c
interaction,INTERACTION-000212,veeva,VE_e943fb4e8148a7,SYN_664b4f2f86223f2d
interaction,INTERACTION-000213,veeva,VE_803a0df0890967,SYN_f523723be25b1fdd
interaction,INTERACTION-000214,veeva,VE_351f537fa7c088,SYN_2bfa0f81ddacea02
interaction,INTERACTION-000215,veeva,VE_f41faceae98411,SYN_a4a83781b61a3fbd
interaction,INTERACTION-000216,veeva,VE_64d02826ddd6c2,SYN_662486a1083c3fdb
interaction,INTERACTION-000217,veeva,VE_ef66370b28df07,SYN_cef9b97001ca9a61
interaction,INTERACTION-000218,veeva,VE_cb02f879a02d6d,SYN_b142198e7788c79e
interaction,INTERACTION-000219,veeva,VE_e4bd62a27fd085,SYN_297415accbcd5379
interaction,INTERACTION-000220,veeva,VE_75dc80fea12aa6,SYN_eb7d57c6e133ff45
interaction,INTERACTION-000221,veeva,VE_c08d0b97668af4,SYN_3a27bf5423ca8d8c
interaction,INTERACTION-000222,veeva,VE_f0aab6a03d5a49,SYN_d030a4054bcdacae
interaction,INTERACTION-000223,veeva,VE_16fbb472213a02,SYN_efa992d9d6bf2e2e
interaction,INTERACTION-000224,veeva,VE_b8aea05bd78631,SYN_cbe7944c6d65ff60
interaction,INTERACTION-000225,veeva,VE_2010b409aed63a,SYN_68e1083d583a80be
interaction,INTERACTION-000226,veeva,VE_fac72ef6cd9ff2,SYN_7d590cf8860563af
interaction,INTERACTION-000227,veeva,VE_3a8192acd9d24e,SYN_35c6cd1ab7b5583c
interaction,INTERACTION-000228,veeva,VE_053bae7fb4f754,SYN_e787e3145d887558
interaction,INTERACTION-000229,veeva,VE_1920f1556e1378,SYN_4d2a24ce7dcd5d68
interaction,INTERACTION-000230,veeva,VE_ed3fa4cb8585ef,SYN_8b47e0a8866dcb50
interaction,INTERACTION-000231,veeva,VE_2564555190e182,SYN_247f03caa3d04b3c
interaction,INTERACTION-000232,veeva,VE_a5b1f776870e03,SYN_62576322c5f5a5f9
interaction,INTERACTION-000233,veeva,VE_eefe22814e70d4,SYN_85d01c5d23b869ab
interaction,INTERACTION-000234,veeva,VE_7808004b4ce6ee,SYN_9e7f77a053f7c790
interaction,INTERACTION-000235,veeva,VE_0452810732294c,SYN_cfe684be85c4547f
interaction,INTERACTION-000236,veeva,VE_ca4187d7fdc690,SYN_41e40c59fd134f87
interaction,INTERACTION-000237,veeva,VE_21c2583eddfad5,SYN_81109aa518dd838a
interaction,INTERACTION-000238,veeva,VE_69742649993d19,SYN_d8030d1a00a35c75
interaction,INTERACTION-000239,veeva,VE_6bc5da9edd0ee7,SYN_05eaecefb14c2235
interaction,INTERACTION-000240,veeva,VE_613059ac6a434e,SYN_01dd115b8245c9b8
interaction,INTERACTION-000241,veeva,VE_706c6478c41162,SYN_7769789d97e4ae74
interaction,INTERACTION-000242,veeva,VE_5a604746e032ff,SYN_ae5ca5fca0cf2b75
interaction,INTERACTION-000243,veeva,VE_655ab95394e34c,SYN_305c9b39f7439381
interaction,INTERACTION-000244,veeva,VE_74845b1de9cce2,SYN_b894a9615d87ec98
interaction,INTERACTION-000245,veeva,VE_e85a99f7ca1d42,SYN_cdff01cb0b5adaff
interaction,INTERACTION-000246,veeva,VE_008bb699a56912,SYN_0bc37789c63a9d56
interaction,INTERACTION-000247,veeva,VE_8a7a1ba1651a89,SYN_e6d0b7201ab94039
interaction,INTERACTION-000248,veeva,VE_f7feab29585720,SYN_5798ad9ce8b82f86
interaction,INTERACTION-000249,veeva,VE_8a991cb7d9a5ee,SYN_edee652c1c80cc92
interaction,INTERACTION-000250,veeva,VE_3e1862d8ac02b9,SYN_8d6196b4a1c48ca5
interaction,INTERACTION-000251,veeva,VE_19e7185bb1f7ac,SYN_7a378b758d7b01c7
interaction,INTERACTION-000252,veeva,VE_fc4775c880b67c,SYN_9fb2b1563e6ff5b1
interaction,INTERACTION-000253,veeva,VE_8dbad135c18730,SYN_c501ccb39142ef8e
interaction,INTERACTION-000254,veeva,VE_eab121183e8f59,SYN_92090debec078cf9
interaction,INTERACTION-000255,veeva,VE_a5ffc2127e3270,SYN_b54f806926b9ca11
interaction,INTERACTION-000256,veeva,VE_825717b57dd3b1,SYN_89154d05ecde75ec
interaction,INTERACTION-000257,veeva,VE_f7c90075b266be,SYN_db188744dca10c13
interaction,INTERACTION-000258,veeva,VE_17e6e30b37983f,SYN_224ff5781d89e437
interaction,INTERACTION-000259,veeva,VE_ef570d8197c75d,SYN_87e787dd04a4d085
interaction,INTERACTION-000260,veeva,VE_717c334ba52f1f,SYN_075f7bff8ffc68b7
interaction,INTERACTION-000261,veeva,VE_4a0909a3fbb55d,SYN_f871a813d87183fc
interaction,INTERACTION-000262,veeva,VE_622c50daa358b0,SYN_970b7ab3e07cbde0
interaction,INTERACTION-000263,veeva,VE_f254cd04c39b15,SYN_de78d8fbfade6a91
interaction,INTERACTION-000264,veeva,VE_311583cc34a2f9,SYN_0adaed07f412bd0a
interaction,INTERACTION-000265,veeva,VE_44b2c0f6b66014,SYN_6180144e52db3c67
interaction,INTERACTION-000266,veeva,VE_f3237f6827e6cc,SYN_0f96927b01344f0c
interaction,INTERACTION-000267,veeva,VE_1d625722dad4ca,SYN_05f2b825e222bdde
interaction,INTERACTION-000268,veeva,VE_770623b434b502,SYN_6a432dacf6c631e2
interaction,INTERACTION-000269,veeva,VE_1af7f80cf5a7f4,SYN_e2898958d9ff1db0
interaction,INTERACTION-000270,veeva,VE_a69bf98d2da88a,SYN_e910418e85c9e7a6
interaction,INTERACTION-000271,veeva,VE_9fc07f4c8315cb,SYN_0d4ec74f7bc90bbb
interaction,INTERACTION-000272,veeva,VE_231f4f8b19b8e3,SYN_6d97c665dd3b85d8
interaction,INTERACTION-000273,veeva,VE_f53e79cac847ec,SYN_465b7835f021a9b7
interaction,INTERACTION-000274,veeva,VE_4cdd436d6bd51c,SYN_100cd334e396b603
interaction,INTERACTION-000275,veeva,VE_bba3f428e4da10,SYN_693a81276ce1a937
interaction,INTERACTION-000276,veeva,VE_e735bc491dd302,SYN_6350db188595823a
interaction,INTERACTION-000277,veeva,VE_c7794807a1f793,SYN_01986d5058f70e39
interaction,INTERACTION-000278,veeva,VE_aaac45dbc3c6c6,SYN_c92182da9ee13517
interaction,INTERACTION-000279,veeva,VE_0af70f36726f27,SYN_0c3d3ff098f58696
interaction,INTERACTION-000280,veeva,VE_92d35912053b0b,SYN_5ece67c17d2a4a5b
interaction,INTERACTION-000281,veeva,VE_98f2ae9ecbaf81,SYN_397ee1ea8f3462d6
interaction,INTERACTION-000282,veeva,VE_36f19c3e90c0f3,SYN_c146d8da807fecea
interaction,INTERACTION-000283,veeva,VE_e0a0037ab796b3,SYN_58ef02e4e04146ec
interaction,INTERACTION-000284,veeva,VE_aa53846fe55964,SYN_8d2aaec681b989fa
interaction,INTERACTION-000285,veeva,VE_13242dbf9fa855,SYN_3b4bdb82455fef0d
interaction,INTERACTION-000286,veeva,VE_7f48ca028e3ece,SYN_110da74c698efe51
interaction,INTERACTION-000287,veeva,VE_56d75e0d7112b2,SYN_539d7ca15506781f
interaction,INTERACTION-000288,veeva,VE_cca6c5fecccd5b,SYN_01b5e5d90bfe4d6c
interaction,INTERACTION-000289,veeva,VE_b9a1f2a413480b,SYN_02dedee2bfba11cd
interaction,INTERACTION-000290,veeva,VE_f4bdf210d31946,SYN_3bdf2d628e8e5de2
interaction,INTERACTION-000291,veeva,VE_cae3670af6de78,SYN_34262c481c4561e7
interaction,INTERACTION-000292,veeva,VE_a1b61f0aef8918,SYN_44dae63c3a09ee35
interaction,INTERACTION-000293,veeva,VE_e6f24dbbecc1c3,SYN_b6ececb0d66e54ad
interaction,INTERACTION-000294,veeva,VE_de17f928ae2c1d,SYN_c2129895b725452b
interaction,INTERACTION-000295,veeva,VE_a46503cb15ae4d,SYN_46aadbce831a8ad9
interaction,INTERACTION-000296,veeva,VE_9087c516a19fe2,SYN_a92832fc93cd20d0
interaction,INTERACTION-000297,veeva,VE_a338cf5e3bb904,SYN_460cc8bd2bdf7cfe
interaction,INTERACTION-000298,veeva,VE_62f6c06961c8a0,SYN_91eec487aeb3684b
interaction,INTERACTION-000299,veeva,VE_36299ec6527f45,SYN_e9b666fc0d365ae9
interaction,INTERACTION-000300,veeva,VE_67e26dfe6c51fe,SYN_be4c33edb9dda2d2
interaction,INTERACTION-000301,veeva,VE_b0264a650d0a59,SYN_fb6aebda619ed5b2
interaction,INTERACTION-000302,veeva,VE_46c95d7387582d,SYN_ade53dff82a33164
interaction,INTERACTION-000303,veeva,VE_8c26796d336104,SYN_5f4b7d99b888cbfc
interaction,INTERACTION-000304,veeva,VE_0d545115ded714,SYN_0b36afbf87a7115b
campaign,CAMPAIGN-000001,salesforce,SA_bf4e710b0809bb,SYN_492588c4c4a13be8
campaign,CAMPAIGN-000002,salesforce,SA_318a40d483dc2e,SYN_31d9b641ddbb55ac
campaign,CAMPAIGN-000003,salesforce,SA_64c1439171f0f7,SYN_893afc8c441df9e9
campaign,CAMPAIGN-000004,salesforce,SA_63446f59919263,SYN_f2cf11a1ec4f72df
