membership_key,campaign_key,contact_key,member_status
MEM-1-1,SA_bf4e710b0809bb,SA_e9999d59d0bbe7,ENROLLED
MEM-1-2,SA_bf4e710b0809bb,SA_76c6e2244dad8c,ENROLLED
MEM-1-3,SA_bf4e710b0809bb,SA_ee7219d62c677a,ENROLLED
MEM-1-4,SA_bf4e710b0809bb,SA_33b1a2d01e4469,ENROLLED
MEM-1-5,SA_bf4e710b0809bb,SA_1b302ae93348ad,ENROLLED
MEM-1-6,SA_bf4e710b0809bb,SA_111a6ae58c687d,ENROLLED
MEM-1-7,SA_bf4e710b0809bb,SA_163c89a73b8e1f,ENROLLED
MEM-1-8,SA_bf4e710b0809bb,SA_b40fb8ad12ed36,ENROLLED
MEM-1-9,SA_bf4e710b0809bb,SA_478c6b2c395949,ENROLLED
MEM-1-10,SA_bf4e710b0809bb,SA_3444dcc4ed66ee,ENROLLED
MEM-1-11,SA_bf4e710b0809bb,SA_5f4650047ada1a,ENROLLED
MEM-1-12,SA_bf4e710b0809bb,SA_b9c9dfeb07443b,ENROLLED
MEM-1-13,SA_bf4e710b0809bb,SA_19032ceeaed724,ENROLLED
MEM-1-14,SA_bf4e710b0809bb,SA_7a0827010a700a,ENROLLED
MEM-1-15,SA_bf4e710b0809bb,SA_972d06495e4a1e,ENROLLED
MEM-1-16,SA_bf4e710b0809bb,SA_43cc8bde746cc3,ENROLLED
MEM-1-17,SA_bf4e710b0809bb,SA_47b1841960d23a,ENROLLED
MEM-1-18,SA_bf4e710b0809bb,SA_151030765bb7d1,ENROLLED
MEM-1-19,SA_bf4e710b0809bb,SA_7f057a26b79b46,ENROLLED
MEM-1-100,SA_bf4e710b0809bb,SA_73b20b79b78f6d,ENROLLED
MEM-2-21,SA_318a40d483dc2e,SA_83d1314867b3a8,ENROLLED
MEM-2-22,SA_318a40d483dc2e,SA_779fa4586640f1,ENROLLED
MEM-2-23,SA_318a40d483dc2e,SA_84f326964d81a6,ENROLLED
MEM-2-24,SA_318a40d483dc2e,SA_69d2cbadbe91b8,ENROLLED
MEM-2-25,SA_318a40d483dc2e,SA_a498d226e9e65b,ENROLLED
MEM-2-26,SA_318a40d483dc2e,SA_c258fec6e094c4,ENROLLED
MEM-2-27,SA_318a40d483dc2e,SA_8f4f577a672821,ENROLLED
MEM-2-28,SA_318a40d483dc2e,SA_52eadc63325fa5,ENROLLED
MEM-2-29,SA_318a40d483dc2e,SA_e01c655f194bb7,ENROLLED
MEM-2-30,SA_318a40d483dc2e,SA_a1938091da94bb,ENROLLED
MEM-2-31,SA_318a40d483dc2e,SA_aa3f50b6a3f7ce,ENROLLED
MEM-2-32,SA_318a40d483dc2e,SA_34ac4de7343409,ENROLLED
MEM-2-33,SA_318a40d483dc2e,SA_d046771707ed80,ENROLLED
MEM-2-34,SA_318a40d483dc2e,SA_bf2c5647116103,ENROLLED
MEM-2-35,SA_318a40d483dc2e,SA_9cb1d3a6a92422,ENROLLED
MEM-2-36,SA_318a40d483dc2e,SA_9c9ad8ab181ce2,ENROLLED
MEM-2-37,SA_318a40d483dc2e,SA_53b6231b66b606,ENROLLED
MEM-2-38,SA_318a40d483dc2e,SA_17ed83153a4cbb,ENROLLED
MEM-2-39,SA_318a40d483dc2e,SA_10aaee76be65b3,ENROLLED
MEM-2-40,SA_318a40d483dc2e,SA_665d0ea6f39e78,ENROLLED
MEM-3-41,SA_64c1439171f0f7,SA_a5e2c9be211868,ENROLLED
MEM-3-42,SA_64c1439171f0f7,SA_9bcefb2e572e99,ENROLLED
MEM-3-43,SA_64c1439171f0f7,SA_5de98e0c9cb608,ENROLLED
MEM-3-44,SA_64c1439171f0f7,SA_5d91b170329cd7,ENROLLED
MEM-3-45,SA_64c1439171f0f7,SA_c0e5b1cfc936be,ENROLLED
MEM-3-46,SA_64c1439171f0f7,SA_9ea8efa9ff085c,ENROLLED
MEM-3-47,SA_64c1439171f0f7,SA_1f52de40b45edc,ENROLLED
MEM-3-48,SA_64c1439171f0f7,SA_da18e9ae487349,ENROLLED
MEM-3-49,SA_64c1439171f0f7,SA_fc75b7e9258795,ENROLLED
MEM-3-50,SA_64c1439171f0f7,SA_ae4540a06f6a0d,ENROLLED
MEM-3-51,SA_64c1439171f0f7,SA_45bcdb916a41dd,ENROLLED
MEM-3-52,SA_64c1439171f0f7,SA_51fa007246996d,ENROLLED
MEM-3-53,SA_64c1439171f0f7,SA_93a35557622442,ENROLLED
MEM-3-54,SA_64c1439171f0f7,SA_e9363d380e20dd,ENROLLED
MEM-3-55,SA_64c1439171f0f7,SA_92416d05cd0fb6,ENROLLED
MEM-3-56,SA_64c1439171f0f7,SA_70b6d5146f58da,ENROLLED
MEM-3-57,SA_64c1439171f0f7,SA_1aa7ea070cfa26,ENROLLED
MEM-3-58,SA_64c1439171f0f7,SA_9cd1470eea060f,ENROLLED
MEM-3-59,SA_64c1439171f0f7,SA_a3a74ed72134bd,ENROLLED
MEM-3-60,SA_64c1439171f0f7,SA_37cfac97451096,ENROLLED
MEM-4-61,SA_63446f59919263,SA_144175cbdfc8af,ENROLLED
MEM-4-62,SA_63446f59919263,SA_995e1e28b39582,ENROLLED
MEM-4-63,SA_63446f59919263,SA_319cb5d9db1558,ENROLLED
MEM-4-64,SA_63446f59919263,SA_eb737494117d03,ENROLLED
MEM-4-65,SA_63446f59919263,SA_71223412eae6b8,ENROLLED
MEM-4-66,SA_63446f59919263,SA_19ac7d572e1b80,ENROLLED
MEM-4-67,SA_63446f59919263,SA_cb012f031f3f89,ENROLLED
MEM-4-68,SA_63446f59919263,SA_69b7b6a260590c,ENROLLED
MEM-4-69,SA_63446f59919263,SA_a30a132566642a,ENROLLED
MEM-4-70,SA_63446f59919263,SA_48c8bdd798d796,ENROLLED
MEM-4-71,SA_63446f59919263,SA_3ccf51761c3160,ENROLLED
MEM-4-72,SA_63446f59919263,SA_b993a1c3cd5c66,ENROLLED
MEM-4-73,SA_63446f59919263,SA_c44bf1b7e3c3ae,ENROLLED
MEM-4-74,SA_63446f59919263,SA_8dca3d40b22c53,ENROLLED
MEM-4-75,SA_63446f59919263,SA_72a23e46f9b595,ENROLLED
MEM-4-76,SA_63446f59919263,SA_93c3b0024ca108,ENROLLED
MEM-4-77,SA_63446f59919263,SA_8eab0c28cc364a,ENROLLED
MEM-4-78,SA_63446f59919263,SA_6e810cfae638ef,ENROLLED
MEM-4-79,SA_63446f59919263,SA_e8629aee60697b,ENROLLED
MEM-4-80,SA_63446f59919263,SA_22f58d1ec27455,ENROLLED
