contact_key,match_token,display_name
SA_e9999d59d0bbe7,SYN_22902bd286fa66da,Synthetic Prof 0001
SA_76c6e2244dad8c,SYN_ff35a59fac152735,Synthetic Prof 0002
SA_ee7219d62c677a,SYN_f8c80c73e27c1148,Synthetic Prof 0003
SA_33b1a2d01e4469,SYN_4d0c5d434a4f6b91,Synthetic Prof 0004
SA_1b302ae93348ad,SYN_f0e5ad9760f8060c,Synthetic Prof 0005
SA_111a6ae58c687d,SYN_fbf2337c93a7976e,Synthetic Prof 0006
SA_163c89a73b8e1f,SYN_e9e85f2549deb504,Synthetic Prof 0007
SA_b40fb8ad12ed36,SYN_a9e287eea25ba99c,Synthetic Prof 0008
SA_478c6b2c395949,SYN_8eb5b2d290d07b09,Synthetic Prof 0009
SA_3444dcc4ed66ee,SYN_b9ec1fa487de27ed,Synthetic Prof 0010
SA_5f4650047ada1a,SYN_83645dc6dcfd7de4,Synthetic Prof 0011
SA_b9c9dfeb07443b,SYN_784045877e018b70,Synthetic Prof 0012
SA_19032ceeaed724,SYN_dba0c8046401e679,Synthetic Prof 0013
SA_7a0827010a700a,SYN_7e1e1151d92812a4,Synthetic Prof 0014
SA_972d06495e4a1e,SYN_f34fd8491fc817da,Synthetic Prof 0015
SA_43cc8bde746cc3,SYN_a8edc1388b242bb7,Synthetic Prof 0016
SA_47b1841960d23a,SYN_2b4a765abb2f1f9a,Synthetic Prof 0017
SA_151030765bb7d1,SYN_f8c81171d47fe538,Synthetic Prof 0018
SA_7f057a26b79b46,SYN_e9e9e07b3fb294b2,Synthetic Prof 0019
SA_9952fece5ab43c,SYN_5eece700511df62e,Synthetic Prof 0020
SA_83d1314867b3a8,SYN_eef14699c911d768,Synthetic Prof 0021
SA_779fa4586640f1,SYN_0037e882fd2d3247,Synthetic Prof 0022
SA_84f326964d81a6,SYN_d217833ff5bb341d,Synthetic Prof 0023
SA_69d2cbadbe91b8,SYN_93aa58258c49ef59,Synthetic Prof 0024
SA_a498d226e9e65b,SYN_76a8b689d12edde2,Synthetic Prof 0025
SA_c258fec6e094c4,SYN_4af15e769d5963db,Synthetic Prof 0026
SA_8f4f577a672821,SYN_53e00a88c48ade28,Synthetic Prof 0027
SA_52eadc63325fa5,SYN_1b2dacca56264462,Synthetic Prof 0028
SA_e01c655f194bb7,SYN_f3d00445a494878c,Synthetic Prof 0029
SA_a1938091da94bb,SYN_9289162a5b05877e,Synthetic Prof 0030
SA_aa3f50b6a3f7ce,SYN_7a2cf5658a352575,Synthetic Prof 0031
SA_34ac4de7343409,SYN_e260ba99a54a20ac,Synthetic Prof 0032
SA_d046771707ed80,SYN_dce6097f5841a7a9,Synthetic Prof 0033
SA_bf2c5647116103,SYN_d98a35ced9d5ca2d,Synthetic Prof 0034
SA_9cb1d3a6a92422,SYN_de9d82cad775eeb1,Synthetic Prof 0035
SA_9c9ad8ab181ce2,SYN_e8eaf9196fe68636,Synthetic Prof 0036
SA_53b6231b66b606,SYN_17b0b962b9e22fff,Synthetic Prof 0037
SA_17ed83153a4cbb,SYN_aadf96617146c7d0,Synthetic Prof 0038
SA_10aaee76be65b3,SYN_1416e768b31c4d94,Synthetic Prof 0039
SA_665d0ea6f39e78,SYN_287f1d08a3a9da42,Synthetic Prof 0040
SA_a5e2c9be211868,SYN_233c247fe449c58f,Synthetic Prof 0041
SA_9bcefb2e572e99,SYN_8960e2aa5216c9c6,Synthetic Prof 0042
SA_5de98e0c9cb608,SYN_7f04b4f7cfffffe5,Synthetic Prof 0043
SA_5d91b170329cd7,SYN_2af6d0c451f6e11f,Synthetic Prof 0044
SA_c0e5b1cfc936be,SYN_b33f6c85ef7c4080,Synthetic Prof 0045
SA_9ea8efa9ff085c,SYN_1cfcb9e74ace8df1,Synthetic Prof 0046
SA_1f52de40b45edc,SYN_8ada48ad05601f26,Synthetic Prof 0047
SA_da18e9ae487349,SYN_acb2e280bc075f93,Synthetic Prof 0048
SA_fc75b7e9258795,SYN_59ad38d536f16ec2,Synthetic Prof 0049
SA_ae4540a06f6a0d,SYN_412b77a12f814f80,Synthetic Prof 0050
SA_45bcdb916a41dd,SYN_0528fc397012c23e,Synthetic Prof 0051
SA_51fa007246996d,SYN_738678924863326a,Synthetic Prof 0052
SA_93a35557622442,SYN_0e45b92bb2471897,Synthetic Prof 0053
SA_e9363d380e20dd,SYN_e61796f5e0679f17,Synthetic Prof 0054
SA_92416d05cd0fb6,SYN_79bf48d7db8d95ca,Synthetic Prof 0055
SA_70b6d5146f58da,SYN_ac7933547958891f,Synthetic Prof 0056
SA_1aa7ea070cfa26,SYN_57cc24d7138c6162,Synthetic Prof 0057
SA_9cd1470eea060f,SYN_af9e6abd3da86c11,Synthetic Prof 0058
SA_a3a74ed72134bd,SYN_3854691480555b28,Synthetic Prof 0059
SA_37cfac97451096,SYN_12d5aae56d37e187,Synthetic Prof 0060
SA_144175cbdfc8af,SYN_b42e7f9524e3e4bc,Synthetic Prof 0061
SA_995e1e28b39582,SYN_6f3e36d6ffec1f3f,Synthetic Prof 0062
SA_319cb5d9db1558,SYN_e06f7505ca36e2d0,Synthetic Prof 0063
SA_eb737494117d03,SYN_ed766ab7118eb5bf,Synthetic Prof 0064
SA_71223412eae6b8,SYN_d60bcce2d451a1c1,Synthetic Prof 0065
SA_19ac7d572e1b80,SYN_52a5bdef90e907aa,Synthetic Prof 0066
SA_cb012f031f3f89,SYN_972627cee63be583,Synthetic Prof 0067
SA_69b7b6a260590c,SYN_f779434eed2152b2,Synthetic Prof 0068
SA_a30a132566642a,SYN_3270817fe45db0c0,Synthetic Prof 0069
SA_48c8bdd798d796,SYN_df6b48c060b89075,Synthetic Prof 0070
SA_3ccf51761c3160,SYN_f8674aaec106f9a2,Synthetic Prof 0071
SA_b993a1c3cd5c66,SYN_f91df19e11729198,Synthetic Prof 0072
SA_c44bf1b7e3c3ae,SYN_da72b9a730eaa3fe,Synthetic Prof 0073
SA_8dca3d40b22c53,SYN_de093a70cc723c4f,Synthetic Prof 0074
SA_72a23e46f9b595,SYN_63797cf8674fac63,Synthetic Prof 0075
SA_93c3b0024ca108,SYN_cf938f8999eaa7ec,Synthetic Prof 0076
SA_8eab0c28cc364a,SYN_91a52fc21169767f,Synthetic Prof 0077
SA_6e810cfae638ef,SYN_a1b835f150fcc833,Synthetic Prof 0078
SA_e8629aee60697b,SYN_3b198682385b444c,Synthetic Prof 0079
SA_22f58d1ec27455,SYN_0ba53ef69047c2c7,Synthetic Prof 0080
SA_a1900fc10cae88,SYN_67cfff20c232b5a3,Synthetic Prof 0081
SA_075cd0d97b25ee,SYN_b5bc63de90388c83,Synthetic Prof 0082
SA_3193ee7f51b935,SYN_19750d33def3acf7,Synthetic Prof 0083
SA_08d9ab569b63e6,SYN_f8bae0e1548bde89,Synthetic Prof 0084
SA_8e29f08577408b,SYN_ec3fa874589674a8,Synthetic Prof 0085
SA_63c4494b784171,SYN_d14c95e1a3cf341a,Synthetic Prof 0086
SA_18063b961c6449,SYN_0e7b89a4c9d579a3,Synthetic Prof 0087
SA_27ac53091c486e,SYN_47e387ddf22b1cab,Synthetic Prof 0088
SA_107039e361d671,SYN_3e53806771d99663,Synthetic Prof 0089
SA_0e3c9995e35c1b,SYN_abb87d738c8ce831,Synthetic Prof 0090
SA_3ad0bf3ee746f8,SYN_afbc81f5989b1a5e,Synthetic Prof 0091
SA_c579aa41bc19ff,SYN_76a26cd31f2fff2b,Synthetic Prof 0092
SA_18eb501b8e7abd,SYN_5405d2fb78e5dc45,Synthetic Prof 0093
SA_4c8de81c510b2e,SYN_94deaa68d465a502,Synthetic Prof 0094
SA_086925cbcd971d,SYN_bfda51fa22185d37,Synthetic Prof 0095
SA_7cabf889d574c4,SYN_6eee0e33da9e15dc,Synthetic Prof 0096
SA_a812f49b9e7d8e,SYN_2f443af38eaf7e95,Synthetic Prof 0097
SA_c05ddab9645ada,SYN_c41f723db02da763,Synthetic Prof 0098
SA_ef3545e8d38aca,SYN_46a5f884e5fb6e14,Synthetic Prof 0099
SA_73b20b79b78f6d,,Synthetic Prof 0100
