organisation_key,organisation_name,country
IQ_051dd3a3caebd7,Synthetic Organisation 001,ZZ
IQ_47323edd520e2f,Synthetic Organisation 002,ZZ
IQ_f1a4187264f338,Synthetic Organisation 003,ZZ
IQ_a8dd57859a32d5,Synthetic Organisation 004,ZZ
IQ_27ed195924b1ac,Synthetic Organisation 005,ZZ
IQ_8d78ae5022ef62,Synthetic Organisation 006,ZZ
IQ_67c47f4c4dba5f,Synthetic Organisation 007,ZZ
IQ_254a182aab103f,Synthetic Organisation 008,ZZ
IQ_ffbd03f2b2da03,Synthetic Organisation 009,ZZ
IQ_a0371ddf32ab1f,Synthetic Organisation 010,ZZ
IQ_d24f39deecd139,Synthetic Organisation 011,ZZ
IQ_975dacb14b0a3e,Synthetic Organisation 012,ZZ
