customer_key,match_token,display_name,active
VE_c6b7040fb7a98c,SYN_22902bd286fa66da,SYNTHETIC PROFESSIONAL 0001,true
VE_31a3a0f8a81439,SYN_ff35a59fac152735,SYNTHETIC PROFESSIONAL 0002,true
VE_57484a45fffec8,SYN_f8c80c73e27c1148,SYNTHETIC PROFESSIONAL 0003,true
VE_240013df99b8c8,SYN_4d0c5d434a4f6b91,SYNTHETIC PROFESSIONAL 0004,true
VE_ae60d094f8549e,SYN_f0e5ad9760f8060c,SYNTHETIC PROFESSIONAL 0005,true
VE_0b1430679680d7,SYN_fbf2337c93a7976e,SYNTHETIC PROFESSIONAL 0006,true
VE_7d0ce0b3e5ffbf,SYN_e9e85f2549deb504,SYNTHETIC PROFESSIONAL 0007,true
VE_2f4f56cf6441c8,SYN_a9e287eea25ba99c,SYNTHETIC PROFESSIONAL 0008,true
VE_e672f7d34880c7,SYN_8eb5b2d290d07b09,SYNTHETIC PROFESSIONAL 0009,true
VE_caa1826d9da127,SYN_b9ec1fa487de27ed,SYNTHETIC PROFESSIONAL 0010,true
VE_17144e8483d330,SYN_83645dc6dcfd7de4,SYNTHETIC PROFESSIONAL 0011,true
VE_a56c4575d84ccb,SYN_784045877e018b70,SYNTHETIC PROFESSIONAL 0012,true
VE_41d0d49d391d42,SYN_dba0c8046401e679,SYNTHETIC PROFESSIONAL 0013,true
VE_e208892fd1b42f,SYN_7e1e1151d92812a4,SYNTHETIC PROFESSIONAL 0014,true
VE_7fc9722830644c,SYN_f34fd8491fc817da,SYNTHETIC PROFESSIONAL 0015,true
VE_c44f7fbdeac984,SYN_a8edc1388b242bb7,SYNTHETIC PROFESSIONAL 0016,true
VE_75d738699b6ef0,SYN_2b4a765abb2f1f9a,SYNTHETIC PROFESSIONAL 0017,true
VE_c00926e0b327f9,SYN_f8c81171d47fe538,SYNTHETIC PROFESSIONAL 0018,true
VE_81ca31a1e88833,SYN_e9e9e07b3fb294b2,SYNTHETIC PROFESSIONAL 0019,true
VE_779a079e577f08,SYN_5eece700511df62e,SYNTHETIC PROFESSIONAL 0020,true
VE_db3fe124ab6f17,SYN_eef14699c911d768,SYNTHETIC PROFESSIONAL 0021,true
VE_0387ad79b4e4b3,SYN_0037e882fd2d3247,SYNTHETIC PROFESSIONAL 0022,true
VE_23a8f3faa039bf,SYN_d217833ff5bb341d,SYNTHETIC PROFESSIONAL 0023,true
VE_f81c850be875e1,SYN_93aa58258c49ef59,SYNTHETIC PROFESSIONAL 0024,true
VE_84640e91065f71,SYN_76a8b689d12edde2,SYNTHETIC PROFESSIONAL 0025,true
VE_1279a81fcfdee5,SYN_4af15e769d5963db,SYNTHETIC PROFESSIONAL 0026,true
VE_675ee3e7ae6a11,SYN_53e00a88c48ade28,SYNTHETIC PROFESSIONAL 0027,true
VE_f305264f4a05dc,SYN_1b2dacca56264462,SYNTHETIC PROFESSIONAL 0028,true
VE_9dee3b61be2d62,SYN_f3d00445a494878c,SYNTHETIC PROFESSIONAL 0029,true
VE_81f6b66699db76,SYN_9289162a5b05877e,SYNTHETIC PROFESSIONAL 0030,true
VE_2a19d43e52f37b,SYN_7a2cf5658a352575,SYNTHETIC PROFESSIONAL 0031,true
VE_97754d018e4907,SYN_e260ba99a54a20ac,SYNTHETIC PROFESSIONAL 0032,true
VE_b2afa7698fab12,SYN_dce6097f5841a7a9,SYNTHETIC PROFESSIONAL 0033,true
VE_fe2ebb14688de2,SYN_d98a35ced9d5ca2d,SYNTHETIC PROFESSIONAL 0034,true
VE_15bc1b45477893,SYN_de9d82cad775eeb1,SYNTHETIC PROFESSIONAL 0035,true
VE_ad38ba94dcb017,SYN_e8eaf9196fe68636,SYNTHETIC PROFESSIONAL 0036,true
VE_dedb7fcf67b345,SYN_17b0b962b9e22fff,SYNTHETIC PROFESSIONAL 0037,true
VE_4e50d8271682f7,SYN_aadf96617146c7d0,SYNTHETIC PROFESSIONAL 0038,true
VE_74d00caa618852,SYN_1416e768b31c4d94,SYNTHETIC PROFESSIONAL 0039,true
VE_2609792d97c823,SYN_287f1d08a3a9da42,SYNTHETIC PROFESSIONAL 0040,true
VE_4c37d97b8c53e7,SYN_233c247fe449c58f,SYNTHETIC PROFESSIONAL 0041,true
VE_d3c9771a994b42,SYN_8960e2aa5216c9c6,SYNTHETIC PROFESSIONAL 0042,true
VE_e80eca73e25fe7,SYN_7f04b4f7cfffffe5,SYNTHETIC PROFESSIONAL 0043,true
VE_e2b5497492f11c,SYN_2af6d0c451f6e11f,SYNTHETIC PROFESSIONAL 0044,true
VE_eefc41fb5aab65,SYN_b33f6c85ef7c4080,SYNTHETIC PROFESSIONAL 0045,true
VE_3f5080f894551b,SYN_1cfcb9e74ace8df1,SYNTHETIC PROFESSIONAL 0046,true
VE_d594f985023f04,SYN_8ada48ad05601f26,SYNTHETIC PROFESSIONAL 0047,true
VE_f8dd3a8fa63c4a,SYN_acb2e280bc075f93,SYNTHETIC PROFESSIONAL 0048,true
VE_88a90aa2c137c1,SYN_59ad38d536f16ec2,SYNTHETIC PROFESSIONAL 0049,true
VE_ace6ee6cd02945,SYN_412b77a12f814f80,SYNTHETIC PROFESSIONAL 0050,true
VE_995191e9382527,SYN_0528fc397012c23e,SYNTHETIC PROFESSIONAL 0051,true
VE_bf5f61bbfff26e,SYN_738678924863326a,SYNTHETIC PROFESSIONAL 0052,true
VE_63a9e38e2490cc,SYN_0e45b92bb2471897,SYNTHETIC PROFESSIONAL 0053,true
VE_a97c1b3c676ba5,SYN_e61796f5e0679f17,SYNTHETIC PROFESSIONAL 0054,true
VE_0c0deaa2cf5a50,SYN_79bf48d7db8d95ca,SYNTHETIC PROFESSIONAL 0055,true
VE_9833298f6e2802,SYN_ac7933547958891f,SYNTHETIC PROFESSIONAL 0056,true
VE_f48ec414c4edfd,SYN_57cc24d7138c6162,SYNTHETIC PROFESSIONAL 0057,true
VE_d0a5ec14269126,SYN_af9e6abd3da86c11,SYNTHETIC PROFESSIONAL 0058,true
VE_454d13b422b05e,SYN_3854691480555b28,SYNTHETIC PROFESSIONAL 0059,true
VE_ac433e607f743e,SYN_12d5aae56d37e187,SYNTHETIC PROFESSIONAL 0060,true
VE_b8c8c6c7533b5c,SYN_b42e7f9524e3e4bc,SYNTHETIC PROFESSIONAL 0061,true
VE_a407c0672991df,SYN_6f3e36d6ffec1f3f,SYNTHETIC PROFESSIONAL 0062,true
VE_689027e3375bd4,SYN_e06f7505ca36e2d0,SYNTHETIC PROFESSIONAL 0063,true
VE_0ae5723ceb0b1e,SYN_ed766ab7118eb5bf,SYNTHETIC PROFESSIONAL 0064,true
VE_76e29082fd71b0,SYN_d60bcce2d451a1c1,SYNTHETIC PROFESSIONAL 0065,true
VE_8a799019f67762,SYN_52a5bdef90e907aa,SYNTHETIC PROFESSIONAL 0066,true
VE_02c937d122e8f8,SYN_972627cee63be583,SYNTHETIC PROFESSIONAL 0067,true
VE_b5e0f3b2aca8cb,SYN_f779434eed2152b2,SYNTHETIC PROFESSIONAL 0068,true
VE_10769940889d1a,SYN_3270817fe45db0c0,SYNTHETIC PROFESSIONAL 0069,true
VE_c0397d6d23a901,SYN_df6b48c060b89075,SYNTHETIC PROFESSIONAL 0070,true
VE_77bf632d7cdccc,SYN_f8674aaec106f9a2,SYNTHETIC PROFESSIONAL 0071,true
VE_8a2df1df2a5c0c,SYN_f91df19e11729198,SYNTHETIC PROFESSIONAL 0072,true
VE_9eeb973972c3b9,SYN_da72b9a730eaa3fe,SYNTHETIC PROFESSIONAL 0073,true
VE_34476d8d7d9b69,SYN_de093a70cc723c4f,SYNTHETIC PROFESSIONAL 0074,true
VE_e6f5e85ab6eeae,SYN_63797cf8674fac63,SYNTHETIC PROFESSIONAL 0075,true
VE_bff53fde028942,SYN_cf938f8999eaa7ec,SYNTHETIC PROFESSIONAL 0076,true
VE_2c8ef0f12d85e2,SYN_91a52fc21169767f,SYNTHETIC PROFESSIONAL 0077,true
VE_67e934743326d9,SYN_a1b835f150fcc833,SYNTHETIC PROFESSIONAL 0078,true
VE_2b86f2111bc689,SYN_3b198682385b444c,SYNTHETIC PROFESSIONAL 0079,true
VE_6e0cbb4d70fc87,SYN_0ba53ef69047c2c7,SYNTHETIC PROFESSIONAL 0080,true
VE_970d01ee919b4a,SYN_67cfff20c232b5a3,SYNTHETIC PROFESSIONAL 0081,true
VE_4592643dbd8d8e,SYN_b5bc63de90388c83,SYNTHETIC PROFESSIONAL 0082,true
VE_ffe22c53cf3088,SYN_19750d33def3acf7,SYNTHETIC PROFESSIONAL 0083,true
VE_e3d3c193ba4590,SYN_f8bae0e1548bde89,SYNTHETIC PROFESSIONAL 0084,true
VE_0924c044ee48f9,SYN_ec3fa874589674a8,SYNTHETIC PROFESSIONAL 0085,true
VE_7a7487b8529dca,SYN_d14c95e1a3cf341a,SYNTHETIC PROFESSIONAL 0086,true
VE_d5e260cf81584a,SYN_0e7b89a4c9d579a3,SYNTHETIC PROFESSIONAL 0087,true
VE_c9918d84011f86,SYN_47e387ddf22b1cab,SYNTHETIC PROFESSIONAL 0088,true
VE_851d9c34d1361a,SYN_3e53806771d99663,SYNTHETIC PROFESSIONAL 0089,true
VE_a8eebaa1e5294e,SYN_abb87d738c8ce831,SYNTHETIC PROFESSIONAL 0090,true
VE_67250719bd220e,SYN_afbc81f5989b1a5e,SYNTHETIC PROFESSIONAL 0091,true
VE_be35fc6f8a0e03,SYN_76a26cd31f2fff2b,SYNTHETIC PROFESSIONAL 0092,true
VE_eb656f72f03988,SYN_5405d2fb78e5dc45,SYNTHETIC PROFESSIONAL 0093,true
VE_378b8b1da76d13,SYN_94deaa68d465a502,SYNTHETIC PROFESSIONAL 0094,true
VE_f000d3b024cc01,SYN_bfda51fa22185d37,SYNTHETIC PROFESSIONAL 0095,true
VE_ad0950197ad21e,SYN_6eee0e33da9e15dc,SYNTHETIC PROFESSIONAL 0096,true
VE_c178b85a281f0d,SYN_2f443af38eaf7e95,SYNTHETIC PROFESSIONAL 0097,false
VE_96cd96ded97c3d,SYN_c41f723db02da763,SYNTHETIC PROFESSIONAL 0098,true
VE_2f01a982ed13a9,,SYNTHETIC PROFESSIONAL 0099,true
VE_80b775a4657990,,SYNTHETIC PROFESSIONAL 0100,true
